iso_code3,year,time_period,frac_enfu_transmission_loss_fuel_electricity
ARG,2010,-5,0.134253530571677
ARG,2011,-4,0.14434796032573
ARG,2012,-3,0.13599799449962
ARG,2013,-2,0.160183494154359
ARG,2014,-1,0.146573815349423
ARG,2015,0,0.1442713589801618
ARG,2016,1,0.1442713589801618
ARG,2017,2,0.1442713589801618
ARG,2018,3,0.1442713589801618
ARG,2019,4,0.1442713589801618
ARG,2020,5,0.1442713589801618
ARG,2021,6,0.1442713589801618
ARG,2022,7,0.1442713589801618
ARG,2023,8,0.1442713589801618
ARG,2024,9,0.1442713589801618
ARG,2025,10,0.1442713589801618
ARG,2026,11,0.1442713589801618
ARG,2027,12,0.1442713589801618
ARG,2028,13,0.1442713589801618
ARG,2029,14,0.1442713589801618
ARG,2030,15,0.1442713589801618
ARG,2031,16,0.1442713589801618
ARG,2032,17,0.1442713589801618
ARG,2033,18,0.1442713589801618
ARG,2034,19,0.1442713589801618
ARG,2035,20,0.1442713589801618
ARG,2036,21,0.1442713589801618
ARG,2037,22,0.1442713589801618
ARG,2038,23,0.1442713589801618
ARG,2039,24,0.1442713589801618
ARG,2040,25,0.1442713589801618
ARG,2041,26,0.1442713589801618
ARG,2042,27,0.1442713589801618
ARG,2043,28,0.1442713589801618
ARG,2044,29,0.1442713589801618
ARG,2045,30,0.1442713589801618
ARG,2046,31,0.1442713589801618
ARG,2047,32,0.1442713589801618
ARG,2048,33,0.1442713589801618
ARG,2049,34,0.1442713589801618
ARG,2050,35,0.1442713589801618
BOL,2010,-5,0.11553784860557799
BOL,2011,-4,0.11024930747922401
BOL,2012,-3,0.11343166688421899
BOL,2013,-2,0.0902665840049597
BOL,2014,-1,0.09194745859508849
BOL,2015,0,0.10428657311381383
BOL,2016,1,0.10428657311381383
BOL,2017,2,0.10428657311381383
BOL,2018,3,0.10428657311381383
BOL,2019,4,0.10428657311381383
BOL,2020,5,0.10428657311381383
BOL,2021,6,0.10428657311381383
BOL,2022,7,0.10428657311381383
BOL,2023,8,0.10428657311381383
BOL,2024,9,0.10428657311381383
BOL,2025,10,0.10428657311381383
BOL,2026,11,0.10428657311381383
BOL,2027,12,0.10428657311381383
BOL,2028,13,0.10428657311381383
BOL,2029,14,0.10428657311381383
BOL,2030,15,0.10428657311381383
BOL,2031,16,0.10428657311381383
BOL,2032,17,0.10428657311381383
BOL,2033,18,0.10428657311381383
BOL,2034,19,0.10428657311381383
BOL,2035,20,0.10428657311381383
BOL,2036,21,0.10428657311381383
BOL,2037,22,0.10428657311381383
BOL,2038,23,0.10428657311381383
BOL,2039,24,0.10428657311381383
BOL,2040,25,0.10428657311381383
BOL,2041,26,0.10428657311381383
BOL,2042,27,0.10428657311381383
BOL,2043,28,0.10428657311381383
BOL,2044,29,0.10428657311381383
BOL,2045,30,0.10428657311381383
BOL,2046,31,0.10428657311381383
BOL,2047,32,0.10428657311381383
BOL,2048,33,0.10428657311381383
BOL,2049,34,0.10428657311381383
BOL,2050,35,0.10428657311381383
BRA,2010,-5,0.166258519229464
BRA,2011,-4,0.16459397807645199
BRA,2012,-3,0.170761675207736
BRA,2013,-2,0.16633805875019297
BRA,2014,-1,0.157747976385378
BRA,2015,0,0.1651400415298446
BRA,2016,1,0.1651400415298446
BRA,2017,2,0.1651400415298446
BRA,2018,3,0.1651400415298446
BRA,2019,4,0.1651400415298446
BRA,2020,5,0.1651400415298446
BRA,2021,6,0.1651400415298446
BRA,2022,7,0.1651400415298446
BRA,2023,8,0.1651400415298446
BRA,2024,9,0.1651400415298446
BRA,2025,10,0.1651400415298446
BRA,2026,11,0.1651400415298446
BRA,2027,12,0.1651400415298446
BRA,2028,13,0.1651400415298446
BRA,2029,14,0.1651400415298446
BRA,2030,15,0.1651400415298446
BRA,2031,16,0.1651400415298446
BRA,2032,17,0.1651400415298446
BRA,2033,18,0.1651400415298446
BRA,2034,19,0.1651400415298446
BRA,2035,20,0.1651400415298446
BRA,2036,21,0.1651400415298446
BRA,2037,22,0.1651400415298446
BRA,2038,23,0.1651400415298446
BRA,2039,24,0.1651400415298446
BRA,2040,25,0.1651400415298446
BRA,2041,26,0.1651400415298446
BRA,2042,27,0.1651400415298446
BRA,2043,28,0.1651400415298446
BRA,2044,29,0.1651400415298446
BRA,2045,30,0.1651400415298446
BRA,2046,31,0.1651400415298446
BRA,2047,32,0.1651400415298446
BRA,2048,33,0.1651400415298446
BRA,2049,34,0.1651400415298446
BRA,2050,35,0.1651400415298446
CHL,2010,-5,0.08218883410000989
CHL,2011,-4,0.0713253085386453
CHL,2012,-3,0.0501641553526114
CHL,2013,-2,0.0669267090946418
CHL,2014,-1,0.06735041779616019
CHL,2015,0,0.06759108497641371
CHL,2016,1,0.06759108497641371
CHL,2017,2,0.06759108497641371
CHL,2018,3,0.06759108497641371
CHL,2019,4,0.06759108497641371
CHL,2020,5,0.06759108497641371
CHL,2021,6,0.06759108497641371
CHL,2022,7,0.06759108497641371
CHL,2023,8,0.06759108497641371
CHL,2024,9,0.06759108497641371
CHL,2025,10,0.06759108497641371
CHL,2026,11,0.06759108497641371
CHL,2027,12,0.06759108497641371
CHL,2028,13,0.06759108497641371
CHL,2029,14,0.06759108497641371
CHL,2030,15,0.06759108497641371
CHL,2031,16,0.06759108497641371
CHL,2032,17,0.06759108497641371
CHL,2033,18,0.06759108497641371
CHL,2034,19,0.06759108497641371
CHL,2035,20,0.06759108497641371
CHL,2036,21,0.06759108497641371
CHL,2037,22,0.06759108497641371
CHL,2038,23,0.06759108497641371
CHL,2039,24,0.06759108497641371
CHL,2040,25,0.06759108497641371
CHL,2041,26,0.06759108497641371
CHL,2042,27,0.06759108497641371
CHL,2043,28,0.06759108497641371
CHL,2044,29,0.06759108497641371
CHL,2045,30,0.06759108497641371
CHL,2046,31,0.06759108497641371
CHL,2047,32,0.06759108497641371
CHL,2048,33,0.06759108497641371
CHL,2049,34,0.06759108497641371
CHL,2050,35,0.06759108497641371
COL,2010,-5,0.153759423801831
COL,2011,-4,0.121793295631506
COL,2012,-3,0.123808912701723
COL,2013,-2,0.103242247113363
COL,2014,-1,0.10678780790460801
COL,2015,0,0.12187833743060619
COL,2016,1,0.12187833743060619
COL,2017,2,0.12187833743060619
COL,2018,3,0.12187833743060619
COL,2019,4,0.12187833743060619
COL,2020,5,0.12187833743060619
COL,2021,6,0.12187833743060619
COL,2022,7,0.12187833743060619
COL,2023,8,0.12187833743060619
COL,2024,9,0.12187833743060619
COL,2025,10,0.12187833743060619
COL,2026,11,0.12187833743060619
COL,2027,12,0.12187833743060619
COL,2028,13,0.12187833743060619
COL,2029,14,0.12187833743060619
COL,2030,15,0.12187833743060619
COL,2031,16,0.12187833743060619
COL,2032,17,0.12187833743060619
COL,2033,18,0.12187833743060619
COL,2034,19,0.12187833743060619
COL,2035,20,0.12187833743060619
COL,2036,21,0.12187833743060619
COL,2037,22,0.12187833743060619
COL,2038,23,0.12187833743060619
COL,2039,24,0.12187833743060619
COL,2040,25,0.12187833743060619
COL,2041,26,0.12187833743060619
COL,2042,27,0.12187833743060619
COL,2043,28,0.12187833743060619
COL,2044,29,0.12187833743060619
COL,2045,30,0.12187833743060619
COL,2046,31,0.12187833743060619
COL,2047,32,0.12187833743060619
COL,2048,33,0.12187833743060619
COL,2049,34,0.12187833743060619
COL,2050,35,0.12187833743060619
CRI,2010,-5,0.101220912031723
CRI,2011,-4,0.10781122864117201
CRI,2012,-3,0.106447808138392
CRI,2013,-2,0.10581338544211
CRI,2014,-1,0.108250954291866
CRI,2015,0,0.1059088577090526
CRI,2016,1,0.1059088577090526
CRI,2017,2,0.1059088577090526
CRI,2018,3,0.1059088577090526
CRI,2019,4,0.1059088577090526
CRI,2020,5,0.1059088577090526
CRI,2021,6,0.1059088577090526
CRI,2022,7,0.1059088577090526
CRI,2023,8,0.1059088577090526
CRI,2024,9,0.1059088577090526
CRI,2025,10,0.1059088577090526
CRI,2026,11,0.1059088577090526
CRI,2027,12,0.1059088577090526
CRI,2028,13,0.1059088577090526
CRI,2029,14,0.1059088577090526
CRI,2030,15,0.1059088577090526
CRI,2031,16,0.1059088577090526
CRI,2032,17,0.1059088577090526
CRI,2033,18,0.1059088577090526
CRI,2034,19,0.1059088577090526
CRI,2035,20,0.1059088577090526
CRI,2036,21,0.1059088577090526
CRI,2037,22,0.1059088577090526
CRI,2038,23,0.1059088577090526
CRI,2039,24,0.1059088577090526
CRI,2040,25,0.1059088577090526
CRI,2041,26,0.1059088577090526
CRI,2042,27,0.1059088577090526
CRI,2043,28,0.1059088577090526
CRI,2044,29,0.1059088577090526
CRI,2045,30,0.1059088577090526
CRI,2046,31,0.1059088577090526
CRI,2047,32,0.1059088577090526
CRI,2048,33,0.1059088577090526
CRI,2049,34,0.1059088577090526
CRI,2050,35,0.1059088577090526
DOM,2010,-5,0.120148610097525
DOM,2011,-4,0.116862160988022
DOM,2012,-3,0.11647496224003699
DOM,2013,-2,0.113546141715156
DOM,2014,-1,0.121786887102253
DOM,2015,0,0.1177637524285986
DOM,2016,1,0.1177637524285986
DOM,2017,2,0.1177637524285986
DOM,2018,3,0.1177637524285986
DOM,2019,4,0.1177637524285986
DOM,2020,5,0.1177637524285986
DOM,2021,6,0.1177637524285986
DOM,2022,7,0.1177637524285986
DOM,2023,8,0.1177637524285986
DOM,2024,9,0.1177637524285986
DOM,2025,10,0.1177637524285986
DOM,2026,11,0.1177637524285986
DOM,2027,12,0.1177637524285986
DOM,2028,13,0.1177637524285986
DOM,2029,14,0.1177637524285986
DOM,2030,15,0.1177637524285986
DOM,2031,16,0.1177637524285986
DOM,2032,17,0.1177637524285986
DOM,2033,18,0.1177637524285986
DOM,2034,19,0.1177637524285986
DOM,2035,20,0.1177637524285986
DOM,2036,21,0.1177637524285986
DOM,2037,22,0.1177637524285986
DOM,2038,23,0.1177637524285986
DOM,2039,24,0.1177637524285986
DOM,2040,25,0.1177637524285986
DOM,2041,26,0.1177637524285986
DOM,2042,27,0.1177637524285986
DOM,2043,28,0.1177637524285986
DOM,2044,29,0.1177637524285986
DOM,2045,30,0.1177637524285986
DOM,2046,31,0.1177637524285986
DOM,2047,32,0.1177637524285986
DOM,2048,33,0.1177637524285986
DOM,2049,34,0.1177637524285986
DOM,2050,35,0.1177637524285986
ECU,2010,-5,0.168640114818802
ECU,2011,-4,0.163015965732087
ECU,2012,-3,0.144964327920515
ECU,2013,-2,0.12953011478440302
ECU,2014,-1,0.129222034804789
ECU,2015,0,0.1470745116121192
ECU,2016,1,0.1470745116121192
ECU,2017,2,0.1470745116121192
ECU,2018,3,0.1470745116121192
ECU,2019,4,0.1470745116121192
ECU,2020,5,0.1470745116121192
ECU,2021,6,0.1470745116121192
ECU,2022,7,0.1470745116121192
ECU,2023,8,0.1470745116121192
ECU,2024,9,0.1470745116121192
ECU,2025,10,0.1470745116121192
ECU,2026,11,0.1470745116121192
ECU,2027,12,0.1470745116121192
ECU,2028,13,0.1470745116121192
ECU,2029,14,0.1470745116121192
ECU,2030,15,0.1470745116121192
ECU,2031,16,0.1470745116121192
ECU,2032,17,0.1470745116121192
ECU,2033,18,0.1470745116121192
ECU,2034,19,0.1470745116121192
ECU,2035,20,0.1470745116121192
ECU,2036,21,0.1470745116121192
ECU,2037,22,0.1470745116121192
ECU,2038,23,0.1470745116121192
ECU,2039,24,0.1470745116121192
ECU,2040,25,0.1470745116121192
ECU,2041,26,0.1470745116121192
ECU,2042,27,0.1470745116121192
ECU,2043,28,0.1470745116121192
ECU,2044,29,0.1470745116121192
ECU,2045,30,0.1470745116121192
ECU,2046,31,0.1470745116121192
ECU,2047,32,0.1470745116121192
ECU,2048,33,0.1470745116121192
ECU,2049,34,0.1470745116121192
ECU,2050,35,0.1470745116121192
GTM,2010,-5,0.133475767457551
GTM,2011,-4,0.164252260102385
GTM,2012,-3,0.138546536336592
GTM,2013,-2,0.08618951612903229
GTM,2014,-1,0.0945945945945946
GTM,2015,0,0.12341173492403097
GTM,2016,1,0.12341173492403097
GTM,2017,2,0.12341173492403097
GTM,2018,3,0.12341173492403097
GTM,2019,4,0.12341173492403097
GTM,2020,5,0.12341173492403097
GTM,2021,6,0.12341173492403097
GTM,2022,7,0.12341173492403097
GTM,2023,8,0.12341173492403097
GTM,2024,9,0.12341173492403097
GTM,2025,10,0.12341173492403097
GTM,2026,11,0.12341173492403097
GTM,2027,12,0.12341173492403097
GTM,2028,13,0.12341173492403097
GTM,2029,14,0.12341173492403097
GTM,2030,15,0.12341173492403097
GTM,2031,16,0.12341173492403097
GTM,2032,17,0.12341173492403097
GTM,2033,18,0.12341173492403097
GTM,2034,19,0.12341173492403097
GTM,2035,20,0.12341173492403097
GTM,2036,21,0.12341173492403097
GTM,2037,22,0.12341173492403097
GTM,2038,23,0.12341173492403097
GTM,2039,24,0.12341173492403097
GTM,2040,25,0.12341173492403097
GTM,2041,26,0.12341173492403097
GTM,2042,27,0.12341173492403097
GTM,2043,28,0.12341173492403097
GTM,2044,29,0.12341173492403097
GTM,2045,30,0.12341173492403097
GTM,2046,31,0.12341173492403097
GTM,2047,32,0.12341173492403097
GTM,2048,33,0.12341173492403097
GTM,2049,34,0.12341173492403097
GTM,2050,35,0.12341173492403097
HND,2010,-5,0.243027888446215
HND,2011,-4,0.26995949300927696
HND,2012,-3,0.298966408268734
HND,2013,-2,0.312979935595739
HND,2014,-1,0.34946504105498905
HND,2015,0,0.2948797532749908
HND,2016,1,0.2948797532749908
HND,2017,2,0.2948797532749908
HND,2018,3,0.2948797532749908
HND,2019,4,0.2948797532749908
HND,2020,5,0.2948797532749908
HND,2021,6,0.2948797532749908
HND,2022,7,0.2948797532749908
HND,2023,8,0.2948797532749908
HND,2024,9,0.2948797532749908
HND,2025,10,0.2948797532749908
HND,2026,11,0.2948797532749908
HND,2027,12,0.2948797532749908
HND,2028,13,0.2948797532749908
HND,2029,14,0.2948797532749908
HND,2030,15,0.2948797532749908
HND,2031,16,0.2948797532749908
HND,2032,17,0.2948797532749908
HND,2033,18,0.2948797532749908
HND,2034,19,0.2948797532749908
HND,2035,20,0.2948797532749908
HND,2036,21,0.2948797532749908
HND,2037,22,0.2948797532749908
HND,2038,23,0.2948797532749908
HND,2039,24,0.2948797532749908
HND,2040,25,0.2948797532749908
HND,2041,26,0.2948797532749908
HND,2042,27,0.2948797532749908
HND,2043,28,0.2948797532749908
HND,2044,29,0.2948797532749908
HND,2045,30,0.2948797532749908
HND,2046,31,0.2948797532749908
HND,2047,32,0.2948797532749908
HND,2048,33,0.2948797532749908
HND,2049,34,0.2948797532749908
HND,2050,35,0.2948797532749908
HTI,2010,-5,0.5843270868824529
HTI,2011,-4,0.664899257688229
HTI,2012,-3,0.57
HTI,2013,-2,0.567772511848341
HTI,2014,-1,0.601161665053243
HTI,2015,0,0.5976321042944532
HTI,2016,1,0.5976321042944532
HTI,2017,2,0.5976321042944532
HTI,2018,3,0.5976321042944532
HTI,2019,4,0.5976321042944532
HTI,2020,5,0.5976321042944532
HTI,2021,6,0.5976321042944532
HTI,2022,7,0.5976321042944532
HTI,2023,8,0.5976321042944532
HTI,2024,9,0.5976321042944532
HTI,2025,10,0.5976321042944532
HTI,2026,11,0.5976321042944532
HTI,2027,12,0.5976321042944532
HTI,2028,13,0.5976321042944532
HTI,2029,14,0.5976321042944532
HTI,2030,15,0.5976321042944532
HTI,2031,16,0.5976321042944532
HTI,2032,17,0.5976321042944532
HTI,2033,18,0.5976321042944532
HTI,2034,19,0.5976321042944532
HTI,2035,20,0.5976321042944532
HTI,2036,21,0.5976321042944532
HTI,2037,22,0.5976321042944532
HTI,2038,23,0.5976321042944532
HTI,2039,24,0.5976321042944532
HTI,2040,25,0.5976321042944532
HTI,2041,26,0.5976321042944532
HTI,2042,27,0.5976321042944532
HTI,2043,28,0.5976321042944532
HTI,2044,29,0.5976321042944532
HTI,2045,30,0.5976321042944532
HTI,2046,31,0.5976321042944532
HTI,2047,32,0.5976321042944532
HTI,2048,33,0.5976321042944532
HTI,2049,34,0.5976321042944532
HTI,2050,35,0.5976321042944532
JAM,2010,-5,0.208796296296296
JAM,2011,-4,0.22010994044892299
JAM,2012,-3,0.259417378201909
JAM,2013,-2,0.27473077886301
JAM,2014,-1,0.267458777885548
JAM,2015,0,0.24610263433913723
JAM,2016,1,0.24610263433913723
JAM,2017,2,0.24610263433913723
JAM,2018,3,0.24610263433913723
JAM,2019,4,0.24610263433913723
JAM,2020,5,0.24610263433913723
JAM,2021,6,0.24610263433913723
JAM,2022,7,0.24610263433913723
JAM,2023,8,0.24610263433913723
JAM,2024,9,0.24610263433913723
JAM,2025,10,0.24610263433913723
JAM,2026,11,0.24610263433913723
JAM,2027,12,0.24610263433913723
JAM,2028,13,0.24610263433913723
JAM,2029,14,0.24610263433913723
JAM,2030,15,0.24610263433913723
JAM,2031,16,0.24610263433913723
JAM,2032,17,0.24610263433913723
JAM,2033,18,0.24610263433913723
JAM,2034,19,0.24610263433913723
JAM,2035,20,0.24610263433913723
JAM,2036,21,0.24610263433913723
JAM,2037,22,0.24610263433913723
JAM,2038,23,0.24610263433913723
JAM,2039,24,0.24610263433913723
JAM,2040,25,0.24610263433913723
JAM,2041,26,0.24610263433913723
JAM,2042,27,0.24610263433913723
JAM,2043,28,0.24610263433913723
JAM,2044,29,0.24610263433913723
JAM,2045,30,0.24610263433913723
JAM,2046,31,0.24610263433913723
JAM,2047,32,0.24610263433913723
JAM,2048,33,0.24610263433913723
JAM,2049,34,0.24610263433913723
JAM,2050,35,0.24610263433913723
MEX,2010,-5,0.160602750265844
MEX,2011,-4,0.150625431460177
MEX,2012,-3,0.143378858697775
MEX,2013,-2,0.143008011408353
MEX,2014,-1,0.13705654469711
MEX,2015,0,0.1469343193058518
MEX,2016,1,0.1469343193058518
MEX,2017,2,0.1469343193058518
MEX,2018,3,0.1469343193058518
MEX,2019,4,0.1469343193058518
MEX,2020,5,0.1469343193058518
MEX,2021,6,0.1469343193058518
MEX,2022,7,0.1469343193058518
MEX,2023,8,0.1469343193058518
MEX,2024,9,0.1469343193058518
MEX,2025,10,0.1469343193058518
MEX,2026,11,0.1469343193058518
MEX,2027,12,0.1469343193058518
MEX,2028,13,0.1469343193058518
MEX,2029,14,0.1469343193058518
MEX,2030,15,0.1469343193058518
MEX,2031,16,0.1469343193058518
MEX,2032,17,0.1469343193058518
MEX,2033,18,0.1469343193058518
MEX,2034,19,0.1469343193058518
MEX,2035,20,0.1469343193058518
MEX,2036,21,0.1469343193058518
MEX,2037,22,0.1469343193058518
MEX,2038,23,0.1469343193058518
MEX,2039,24,0.1469343193058518
MEX,2040,25,0.1469343193058518
MEX,2041,26,0.1469343193058518
MEX,2042,27,0.1469343193058518
MEX,2043,28,0.1469343193058518
MEX,2044,29,0.1469343193058518
MEX,2045,30,0.1469343193058518
MEX,2046,31,0.1469343193058518
MEX,2047,32,0.1469343193058518
MEX,2048,33,0.1469343193058518
MEX,2049,34,0.1469343193058518
MEX,2050,35,0.1469343193058518
NIC,2010,-5,0.18474993167532103
NIC,2011,-4,0.176255230125523
NIC,2012,-3,0.159265690895559
NIC,2013,-2,0.154344695151224
NIC,2014,-1,0.208277103013945
NIC,2015,0,0.1765785301723144
NIC,2016,1,0.1765785301723144
NIC,2017,2,0.1765785301723144
NIC,2018,3,0.1765785301723144
NIC,2019,4,0.1765785301723144
NIC,2020,5,0.1765785301723144
NIC,2021,6,0.1765785301723144
NIC,2022,7,0.1765785301723144
NIC,2023,8,0.1765785301723144
NIC,2024,9,0.1765785301723144
NIC,2025,10,0.1765785301723144
NIC,2026,11,0.1765785301723144
NIC,2027,12,0.1765785301723144
NIC,2028,13,0.1765785301723144
NIC,2029,14,0.1765785301723144
NIC,2030,15,0.1765785301723144
NIC,2031,16,0.1765785301723144
NIC,2032,17,0.1765785301723144
NIC,2033,18,0.1765785301723144
NIC,2034,19,0.1765785301723144
NIC,2035,20,0.1765785301723144
NIC,2036,21,0.1765785301723144
NIC,2037,22,0.1765785301723144
NIC,2038,23,0.1765785301723144
NIC,2039,24,0.1765785301723144
NIC,2040,25,0.1765785301723144
NIC,2041,26,0.1765785301723144
NIC,2042,27,0.1765785301723144
NIC,2043,28,0.1765785301723144
NIC,2044,29,0.1765785301723144
NIC,2045,30,0.1765785301723144
NIC,2046,31,0.1765785301723144
NIC,2047,32,0.1765785301723144
NIC,2048,33,0.1765785301723144
NIC,2049,34,0.1765785301723144
NIC,2050,35,0.1765785301723144
PAN,2010,-5,0.143302180685358
PAN,2011,-4,0.143569419585784
PAN,2012,-3,0.138323840520749
PAN,2013,-2,0.136191114087966
PAN,2014,-1,0.142995585226661
PAN,2015,0,0.14087642802130362
PAN,2016,1,0.14087642802130362
PAN,2017,2,0.14087642802130362
PAN,2018,3,0.14087642802130362
PAN,2019,4,0.14087642802130362
PAN,2020,5,0.14087642802130362
PAN,2021,6,0.14087642802130362
PAN,2022,7,0.14087642802130362
PAN,2023,8,0.14087642802130362
PAN,2024,9,0.14087642802130362
PAN,2025,10,0.14087642802130362
PAN,2026,11,0.14087642802130362
PAN,2027,12,0.14087642802130362
PAN,2028,13,0.14087642802130362
PAN,2029,14,0.14087642802130362
PAN,2030,15,0.14087642802130362
PAN,2031,16,0.14087642802130362
PAN,2032,17,0.14087642802130362
PAN,2033,18,0.14087642802130362
PAN,2034,19,0.14087642802130362
PAN,2035,20,0.14087642802130362
PAN,2036,21,0.14087642802130362
PAN,2037,22,0.14087642802130362
PAN,2038,23,0.14087642802130362
PAN,2039,24,0.14087642802130362
PAN,2040,25,0.14087642802130362
PAN,2041,26,0.14087642802130362
PAN,2042,27,0.14087642802130362
PAN,2043,28,0.14087642802130362
PAN,2044,29,0.14087642802130362
PAN,2045,30,0.14087642802130362
PAN,2046,31,0.14087642802130362
PAN,2047,32,0.14087642802130362
PAN,2048,33,0.14087642802130362
PAN,2049,34,0.14087642802130362
PAN,2050,35,0.14087642802130362
PER,2010,-5,0.10125383115073801
PER,2011,-4,0.0580526731764526
PER,2012,-3,0.0845655382921764
PER,2013,-2,0.10490507056498
PER,2014,-1,0.10969689017189299
PER,2015,0,0.091694800671248
PER,2016,1,0.091694800671248
PER,2017,2,0.091694800671248
PER,2018,3,0.091694800671248
PER,2019,4,0.091694800671248
PER,2020,5,0.091694800671248
PER,2021,6,0.091694800671248
PER,2022,7,0.091694800671248
PER,2023,8,0.091694800671248
PER,2024,9,0.091694800671248
PER,2025,10,0.091694800671248
PER,2026,11,0.091694800671248
PER,2027,12,0.091694800671248
PER,2028,13,0.091694800671248
PER,2029,14,0.091694800671248
PER,2030,15,0.091694800671248
PER,2031,16,0.091694800671248
PER,2032,17,0.091694800671248
PER,2033,18,0.091694800671248
PER,2034,19,0.091694800671248
PER,2035,20,0.091694800671248
PER,2036,21,0.091694800671248
PER,2037,22,0.091694800671248
PER,2038,23,0.091694800671248
PER,2039,24,0.091694800671248
PER,2040,25,0.091694800671248
PER,2041,26,0.091694800671248
PER,2042,27,0.091694800671248
PER,2043,28,0.091694800671248
PER,2044,29,0.091694800671248
PER,2045,30,0.091694800671248
PER,2046,31,0.091694800671248
PER,2047,32,0.091694800671248
PER,2048,33,0.091694800671248
PER,2049,34,0.091694800671248
PER,2050,35,0.091694800671248
PRY,2010,-5,0.062312728886916
PRY,2011,-4,0.0595748373101952
PRY,2012,-3,0.0638333194986304
PRY,2013,-2,0.057832761961544195
PRY,2014,-1,0.0657899497123838
PRY,2015,0,0.06186871947393392
PRY,2016,1,0.06186871947393392
PRY,2017,2,0.06186871947393392
PRY,2018,3,0.06186871947393392
PRY,2019,4,0.06186871947393392
PRY,2020,5,0.06186871947393392
PRY,2021,6,0.06186871947393392
PRY,2022,7,0.06186871947393392
PRY,2023,8,0.06186871947393392
PRY,2024,9,0.06186871947393392
PRY,2025,10,0.06186871947393392
PRY,2026,11,0.06186871947393392
PRY,2027,12,0.06186871947393392
PRY,2028,13,0.06186871947393392
PRY,2029,14,0.06186871947393392
PRY,2030,15,0.06186871947393392
PRY,2031,16,0.06186871947393392
PRY,2032,17,0.06186871947393392
PRY,2033,18,0.06186871947393392
PRY,2034,19,0.06186871947393392
PRY,2035,20,0.06186871947393392
PRY,2036,21,0.06186871947393392
PRY,2037,22,0.06186871947393392
PRY,2038,23,0.06186871947393392
PRY,2039,24,0.06186871947393392
PRY,2040,25,0.06186871947393392
PRY,2041,26,0.06186871947393392
PRY,2042,27,0.06186871947393392
PRY,2043,28,0.06186871947393392
PRY,2044,29,0.06186871947393392
PRY,2045,30,0.06186871947393392
PRY,2046,31,0.06186871947393392
PRY,2047,32,0.06186871947393392
PRY,2048,33,0.06186871947393392
PRY,2049,34,0.06186871947393392
PRY,2050,35,0.06186871947393392
SLV,2010,-5,0.12850935828877
SLV,2011,-4,0.119677790563867
SLV,2012,-3,0.0978034311367645
SLV,2013,-2,0.0725446428571429
SLV,2014,-1,0.11328941025229
SLV,2015,0,0.10636492661976689
SLV,2016,1,0.10636492661976689
SLV,2017,2,0.10636492661976689
SLV,2018,3,0.10636492661976689
SLV,2019,4,0.10636492661976689
SLV,2020,5,0.10636492661976689
SLV,2021,6,0.10636492661976689
SLV,2022,7,0.10636492661976689
SLV,2023,8,0.10636492661976689
SLV,2024,9,0.10636492661976689
SLV,2025,10,0.10636492661976689
SLV,2026,11,0.10636492661976689
SLV,2027,12,0.10636492661976689
SLV,2028,13,0.10636492661976689
SLV,2029,14,0.10636492661976689
SLV,2030,15,0.10636492661976689
SLV,2031,16,0.10636492661976689
SLV,2032,17,0.10636492661976689
SLV,2033,18,0.10636492661976689
SLV,2034,19,0.10636492661976689
SLV,2035,20,0.10636492661976689
SLV,2036,21,0.10636492661976689
SLV,2037,22,0.10636492661976689
SLV,2038,23,0.10636492661976689
SLV,2039,24,0.10636492661976689
SLV,2040,25,0.10636492661976689
SLV,2041,26,0.10636492661976689
SLV,2042,27,0.10636492661976689
SLV,2043,28,0.10636492661976689
SLV,2044,29,0.10636492661976689
SLV,2045,30,0.10636492661976689
SLV,2046,31,0.10636492661976689
SLV,2047,32,0.10636492661976689
SLV,2048,33,0.10636492661976689
SLV,2049,34,0.10636492661976689
SLV,2050,35,0.10636492661976689
SUR,2010,-5,0.08526682134570769
SUR,2011,-4,0.0902101486417222
SUR,2012,-3,0.09026369168357
SUR,2013,-2,0.0902014652014652
SUR,2014,-1,0.08715596330275231
SUR,2015,0,0.08861961803504347
SUR,2016,1,0.08861961803504347
SUR,2017,2,0.08861961803504347
SUR,2018,3,0.08861961803504347
SUR,2019,4,0.08861961803504347
SUR,2020,5,0.08861961803504347
SUR,2021,6,0.08861961803504347
SUR,2022,7,0.08861961803504347
SUR,2023,8,0.08861961803504347
SUR,2024,9,0.08861961803504347
SUR,2025,10,0.08861961803504347
SUR,2026,11,0.08861961803504347
SUR,2027,12,0.08861961803504347
SUR,2028,13,0.08861961803504347
SUR,2029,14,0.08861961803504347
SUR,2030,15,0.08861961803504347
SUR,2031,16,0.08861961803504347
SUR,2032,17,0.08861961803504347
SUR,2033,18,0.08861961803504347
SUR,2034,19,0.08861961803504347
SUR,2035,20,0.08861961803504347
SUR,2036,21,0.08861961803504347
SUR,2037,22,0.08861961803504347
SUR,2038,23,0.08861961803504347
SUR,2039,24,0.08861961803504347
SUR,2040,25,0.08861961803504347
SUR,2041,26,0.08861961803504347
SUR,2042,27,0.08861961803504347
SUR,2043,28,0.08861961803504347
SUR,2044,29,0.08861961803504347
SUR,2045,30,0.08861961803504347
SUR,2046,31,0.08861961803504347
SUR,2047,32,0.08861961803504347
SUR,2048,33,0.08861961803504347
SUR,2049,34,0.08861961803504347
SUR,2050,35,0.08861961803504347
TTO,2010,-5,0.031231585150265202
TTO,2011,-4,0.027701778385772903
TTO,2012,-3,0.026171703898379303
TTO,2013,-2,0.0246186217780116
TTO,2014,-1,0.0230419403739262
TTO,2015,0,0.02655312591727104
TTO,2016,1,0.02655312591727104
TTO,2017,2,0.02655312591727104
TTO,2018,3,0.02655312591727104
TTO,2019,4,0.02655312591727104
TTO,2020,5,0.02655312591727104
TTO,2021,6,0.02655312591727104
TTO,2022,7,0.02655312591727104
TTO,2023,8,0.02655312591727104
TTO,2024,9,0.02655312591727104
TTO,2025,10,0.02655312591727104
TTO,2026,11,0.02655312591727104
TTO,2027,12,0.02655312591727104
TTO,2028,13,0.02655312591727104
TTO,2029,14,0.02655312591727104
TTO,2030,15,0.02655312591727104
TTO,2031,16,0.02655312591727104
TTO,2032,17,0.02655312591727104
TTO,2033,18,0.02655312591727104
TTO,2034,19,0.02655312591727104
TTO,2035,20,0.02655312591727104
TTO,2036,21,0.02655312591727104
TTO,2037,22,0.02655312591727104
TTO,2038,23,0.02655312591727104
TTO,2039,24,0.02655312591727104
TTO,2040,25,0.02655312591727104
TTO,2041,26,0.02655312591727104
TTO,2042,27,0.02655312591727104
TTO,2043,28,0.02655312591727104
TTO,2044,29,0.02655312591727104
TTO,2045,30,0.02655312591727104
TTO,2046,31,0.02655312591727104
TTO,2047,32,0.02655312591727104
TTO,2048,33,0.02655312591727104
TTO,2049,34,0.02655312591727104
TTO,2050,35,0.02655312591727104
URY,2010,-5,0.110231923601637
URY,2011,-4,0.124419953596288
URY,2012,-3,0.121921298480702
URY,2013,-2,0.109929686160178
URY,2014,-1,0.0962735305416827
URY,2015,0,0.11255527847609752
URY,2016,1,0.11255527847609752
URY,2017,2,0.11255527847609752
URY,2018,3,0.11255527847609752
URY,2019,4,0.11255527847609752
URY,2020,5,0.11255527847609752
URY,2021,6,0.11255527847609752
URY,2022,7,0.11255527847609752
URY,2023,8,0.11255527847609752
URY,2024,9,0.11255527847609752
URY,2025,10,0.11255527847609752
URY,2026,11,0.11255527847609752
URY,2027,12,0.11255527847609752
URY,2028,13,0.11255527847609752
URY,2029,14,0.11255527847609752
URY,2030,15,0.11255527847609752
URY,2031,16,0.11255527847609752
URY,2032,17,0.11255527847609752
URY,2033,18,0.11255527847609752
URY,2034,19,0.11255527847609752
URY,2035,20,0.11255527847609752
URY,2036,21,0.11255527847609752
URY,2037,22,0.11255527847609752
URY,2038,23,0.11255527847609752
URY,2039,24,0.11255527847609752
URY,2040,25,0.11255527847609752
URY,2041,26,0.11255527847609752
URY,2042,27,0.11255527847609752
URY,2043,28,0.11255527847609752
URY,2044,29,0.11255527847609752
URY,2045,30,0.11255527847609752
URY,2046,31,0.11255527847609752
URY,2047,32,0.11255527847609752
URY,2048,33,0.11255527847609752
URY,2049,34,0.11255527847609752
URY,2050,35,0.11255527847609752
VEN,2010,-5,0.2011163363073
VEN,2011,-4,0.204584566085401
VEN,2012,-3,0.206431407363567
VEN,2013,-2,0.20807892172783402
VEN,2014,-1,0.360447182795362
VEN,2015,0,0.23613168285589278
VEN,2016,1,0.23613168285589278
VEN,2017,2,0.23613168285589278
VEN,2018,3,0.23613168285589278
VEN,2019,4,0.23613168285589278
VEN,2020,5,0.23613168285589278
VEN,2021,6,0.23613168285589278
VEN,2022,7,0.23613168285589278
VEN,2023,8,0.23613168285589278
VEN,2024,9,0.23613168285589278
VEN,2025,10,0.23613168285589278
VEN,2026,11,0.23613168285589278
VEN,2027,12,0.23613168285589278
VEN,2028,13,0.23613168285589278
VEN,2029,14,0.23613168285589278
VEN,2030,15,0.23613168285589278
VEN,2031,16,0.23613168285589278
VEN,2032,17,0.23613168285589278
VEN,2033,18,0.23613168285589278
VEN,2034,19,0.23613168285589278
VEN,2035,20,0.23613168285589278
VEN,2036,21,0.23613168285589278
VEN,2037,22,0.23613168285589278
VEN,2038,23,0.23613168285589278
VEN,2039,24,0.23613168285589278
VEN,2040,25,0.23613168285589278
VEN,2041,26,0.23613168285589278
VEN,2042,27,0.23613168285589278
VEN,2043,28,0.23613168285589278
VEN,2044,29,0.23613168285589278
VEN,2045,30,0.23613168285589278
VEN,2046,31,0.23613168285589278
VEN,2047,32,0.23613168285589278
VEN,2048,33,0.23613168285589278
VEN,2049,34,0.23613168285589278
VEN,2050,35,0.23613168285589278
