time_period,area_country_ha,demscalar_ippu_cement,demscalar_ippu_chemicals,demscalar_ippu_construction_and_demolition,demscalar_ippu_electronics,demscalar_ippu_glass,demscalar_ippu_lime_and_carbonite,demscalar_ippu_metals,demscalar_ippu_non_energy_products,demscalar_ippu_ods_products,demscalar_ippu_other_industries,demscalar_ippu_other_product_manufacturing,demscalar_ippu_paper,demscalar_ippu_plastic,demscalar_ippu_recycled_glass,demscalar_ippu_recycled_metals,demscalar_ippu_recycled_paper,demscalar_ippu_recycled_plastic,demscalar_ippu_recycled_rubber_and_leather,demscalar_ippu_recycled_textiles,demscalar_ippu_recycled_wood,demscalar_ippu_rubber_and_leather,demscalar_ippu_textiles,ef_ippu_tonne_ch4_per_tonne_production_chemicals,ef_ippu_tonne_ch4_per_tonne_production_metals,ef_ippu_tonne_co2_per_mmm_gdp_non_energy_products,ef_ippu_tonne_co2_per_tonne_production_cement,ef_ippu_tonne_co2_per_tonne_production_chemicals,ef_ippu_tonne_co2_per_tonne_production_glass,ef_ippu_tonne_co2_per_tonne_production_lime_and_carbonite,ef_ippu_tonne_co2_per_tonne_production_metals,ef_ippu_tonne_co2_per_tonne_production_recycled_glass,ef_ippu_tonne_hfc134a_per_tonne_production_chemicals,ef_ippu_tonne_hfc134a_per_tonne_production_electronics,ef_ippu_tonne_hfc134a_per_tonne_production_metals,ef_ippu_tonne_hfc134a_per_tonne_production_ods_products,ef_ippu_tonne_hfc23_per_tonne_production_chemicals,ef_ippu_tonne_hfc23_per_tonne_production_electronics,ef_ippu_tonne_hfc23_per_tonne_production_ods_products,ef_ippu_tonne_hfc23_per_tonne_production_other_product_manufacturing,ef_ippu_tonne_n2o_per_mmm_gdp_other_product_manufacturing,ef_ippu_tonne_n2o_per_tonne_production_chemicals,ef_ippu_tonne_sf6_per_mmm_gdp_other_product_manufacturing,ef_ippu_tonne_sf6_per_tonne_production_chemicals,ef_ippu_tonne_sf6_per_tonne_production_chemicals,ef_ippu_tonne_sf6_per_tonne_production_chemicals,ef_ippu_tonne_sf6_per_tonne_production_chemicals,ef_ippu_tonne_sf6_per_tonne_production_electronics,ef_ippu_tonne_sf6_per_tonne_production_electronics,ef_ippu_tonne_sf6_per_tonne_production_electronics,ef_ippu_tonne_sf6_per_tonne_production_electronics,elast_ippu_cement_production_to_gdp,elast_ippu_chemicals_production_to_gdp,elast_ippu_electronics_production_to_gdp,elast_ippu_glass_production_to_gdp,elast_ippu_lime_and_carbonite_production_to_gdp,elast_ippu_metals_production_to_gdp,elast_ippu_paper_production_to_gdp,elast_ippu_plastic_production_to_gdp,elast_ippu_recycled_glass_production_to_gdp,elast_ippu_recycled_metals_production_to_gdp,elast_ippu_recycled_paper_production_to_gdp,elast_ippu_recycled_plastic_production_to_gdp,elast_ippu_recycled_rubber_and_leather_production_to_gdp,elast_ippu_recycled_textiles_production_to_gdp,elast_ippu_rubber_and_leather_production_to_gdp,elast_ippu_textiles_production_to_gdp,frac_eating_red_meat,frac_ippu_something_electronics,frac_ippu_something_glass,gdp_mmm_usd,occ_rate,population_rural,population_urban,prodinit_ippu_cement_tonne,prodinit_ippu_chemicals_tonne,prodinit_ippu_electronics_tonne,prodinit_ippu_glass_tonne,prodinit_ippu_lime_and_carbonite_tonne,prodinit_ippu_metals_tonne,prodinit_ippu_paper_tonne,prodinit_ippu_plastic_tonne,prodinit_ippu_recycled_glass_tonne,prodinit_ippu_recycled_metals_tonne,prodinit_ippu_recycled_paper_tonne,prodinit_ippu_recycled_plastic_tonne,prodinit_ippu_recycled_rubber_and_leather_tonne,prodinit_ippu_recycled_textiles_tonne,prodinit_ippu_recycled_wood_tonne,prodinit_ippu_rubber_and_leather_tonne,prodinit_ippu_textiles_tonne,qty_ippu_cement_tonne_cod_per_m3_ww,qty_ippu_chemicals_tonne_cod_per_m3_ww,qty_ippu_electronics_tonne_cod_per_m3_ww,qty_ippu_glass_tonne_cod_per_m3_ww,qty_ippu_lime_and_carbonite_tonne_cod_per_m3_ww,qty_ippu_metals_tonne_cod_per_m3_ww,qty_ippu_paper_tonne_cod_per_m3_ww,qty_ippu_plastic_tonne_cod_per_m3_ww,qty_ippu_recycled_glass_tonne_cod_per_m3_ww,qty_ippu_recycled_metals_tonne_cod_per_m3_ww,qty_ippu_recycled_paper_tonne_cod_per_m3_ww,qty_ippu_recycled_plastic_tonne_cod_per_m3_ww,qty_ippu_recycled_rubber_and_leather_tonne_cod_per_m3_ww,qty_ippu_recycled_textiles_tonne_cod_per_m3_ww,qty_ippu_recycled_wood_tonne_cod_per_m3_ww,qty_ippu_rubber_and_leather_tonne_cod_per_m3_ww,qty_ippu_textiles_tonne_cod_per_m3_ww,va_commercial_mmm_usd,va_industrial_mmm_usd,va_manufacturing_mmm_usd,va_mining_mmm_usd,vol_ippu_cement_m3_ww_per_tonne_production,vol_ippu_chemicals_m3_ww_per_tonne_production,vol_ippu_electronics_m3_ww_per_tonne_production,vol_ippu_glass_m3_ww_per_tonne_production,vol_ippu_lime_and_carbonite_m3_ww_per_tonne_production,vol_ippu_metals_m3_ww_per_tonne_production,vol_ippu_paper_m3_ww_per_tonne_production,vol_ippu_plastic_m3_ww_per_tonne_production,vol_ippu_recycled_glass_m3_ww_per_tonne_production,vol_ippu_recycled_metals_m3_ww_per_tonne_production,vol_ippu_recycled_paper_m3_ww_per_tonne_production,vol_ippu_recycled_plastic_m3_ww_per_tonne_production,vol_ippu_recycled_rubber_and_leather_m3_ww_per_tonne_production,vol_ippu_recycled_textiles_m3_ww_per_tonne_production,vol_ippu_recycled_wood_m3_ww_per_tonne_production,vol_ippu_rubber_and_leather_m3_ww_per_tonne_production,vol_ippu_textiles_m3_ww_per_tonne_production
0,5113100.0,1.0,1.0,1.0,1.0,1.0,1.0,1.0,1.0,1.0,1.0,1.0,1.0,1.0,1.0,1.0,1.0,1.0,1.0,1.0,1.0,1.0,1.0,1.0,1.0,1.0,1.0,1.0,1.0,1.0,1.0,1.0,2e-05,0.0001,0.003,0.0001,0.0001,0.003,2e-05,0.0001,1.0,1.0,1.0,1.0,1.0,1.0,1.0,1.0,1.0,1.0,1.0,0.05694748765118105,0.10992772880223169,0.0467616205881656,0.04068438181470159,0.024031253398649977,0.04613517479380644,0.10516377160535437,0.05512162301339522,0.08506836897907487,0.010804684500012965,0.0956122486737891,0.10060410243658971,0.01906266433804532,0.0762398470137207,0.013328110761723902,0.014462371521999575,1.0,0.9,0.8,54.82991961,3.145207224,1939122.0,2908682.0,100000.0,80000.0,5000.0,14000.0,1400.0,10000.0,105000.0,100000.0,0.0,0.0,0.0,0.0,0.0,0.0,0.0,5000.0,400000.0,0.9,1.2,0.01,0.0,0.0,0.0,0.6,6.0,5.01,0.0,0.0,0.0,0.0,0.1,8.4,2.0,4.0,38.83107386,10.64896106,6.239061372,2.954671495,25.0,2.0,1.0,4.0,25.0,5.0,19.0,25.0,25.0,3.4,3.0,4.0,16.0,16.0,25.0,25.0,25.0
1,5113100.0,1.0,1.0,1.0,1.0,1.0,1.0,1.0,1.0,1.0,1.0,1.0,1.0,1.0,1.0,1.0,1.0,1.0,1.0,1.0,1.0,1.0,1.0,1.0,1.0,1.0,1.0,1.0,1.0,1.0,1.0,1.0,2e-05,0.0001,0.003,0.0001,0.0001,0.003,2e-05,0.0001,1.0,1.0,1.0,1.0,1.0,1.0,1.0,1.0,1.0,1.0,1.0,0.05694748765118105,0.10992772880223169,0.0467616205881656,0.04068438181470159,0.024031253398649977,0.04613517479380644,0.10516377160535437,0.05512162301339522,0.08506836897907487,0.010804684500012965,0.0956122486737891,0.10060410243658971,0.01906266433804532,0.0762398470137207,0.013328110761723902,0.014462371521999575,0.99,0.9,0.8,57.15799243,3.132510984,1935241.0,2964104.0,100000.0,80000.0,5000.0,14000.0,1400.0,10000.0,105000.0,100000.0,0.0,0.0,0.0,0.0,0.0,0.0,0.0,5000.0,400000.0,0.9,1.2,0.01,0.0,0.0,0.0,0.6,6.0,5.01,0.0,0.0,0.0,0.0,0.1,8.4,2.0,4.0,40.7395256,10.93995588,6.518427514,3.080126548,25.0,2.0,1.0,4.0,25.0,5.0,19.0,25.0,25.0,3.4,3.0,4.0,16.0,16.0,25.0,25.0,25.0
2,5113100.0,1.0,1.0,1.0,1.0,1.0,1.0,1.0,1.0,1.0,1.0,1.0,1.0,1.0,1.0,1.0,1.0,1.0,1.0,1.0,1.0,1.0,1.0,1.0,1.0,1.0,1.0,1.0,1.0,1.0,1.0,1.0,2e-05,0.0001,0.003,0.0001,0.0001,0.003,2e-05,0.0001,1.0,1.0,1.0,1.0,1.0,1.0,1.0,1.0,1.0,1.0,1.0,0.05694748765118105,0.10992772880223169,0.0467616205881656,0.04068438181470159,0.024031253398649977,0.04613517479380644,0.10516377160535437,0.05512162301339522,0.08506836897907487,0.010804684500012965,0.0956122486737891,0.10060410243658971,0.01906266433804532,0.0762398470137207,0.013328110761723902,0.014462371521999575,0.98,0.9,0.8,59.09975329,3.123039933,1930482.0,3019472.0,100000.0,80000.0,5000.0,14000.0,1400.0,10000.0,105000.0,100000.0,0.0,0.0,0.0,0.0,0.0,0.0,0.0,5000.0,400000.0,0.9,1.2,0.01,0.0,0.0,0.0,0.6,6.0,5.01,0.0,0.0,0.0,0.0,0.1,8.4,2.0,4.0,42.25398672,11.22497854,6.936925587999999,3.183768001,25.0,2.0,1.0,4.0,25.0,5.0,19.0,25.0,25.0,3.4,3.0,4.0,16.0,16.0,25.0,25.0,25.0
3,5113100.0,1.0,1.0,1.0,1.0,1.0,1.0,1.0,1.0,1.0,1.0,1.0,1.0,1.0,1.0,1.0,1.0,1.0,1.0,1.0,1.0,1.0,1.0,1.0,1.0,1.0,1.0,1.0,1.0,1.0,1.0,1.0,2e-05,0.0001,0.003,0.0001,0.0001,0.003,2e-05,0.0001,1.0,1.0,1.0,1.0,1.0,1.0,1.0,1.0,1.0,1.0,1.0,0.05694748765118105,0.10992772880223169,0.0467616205881656,0.04068438181470159,0.024031253398649977,0.04613517479380644,0.10516377160535437,0.05512162301339522,0.08506836897907487,0.010804684500012965,0.0956122486737891,0.10060410243658971,0.01906266433804532,0.0762398470137207,0.013328110761723902,0.014462371521999575,0.97,0.9,0.8,60.65643192,3.116467695,1924785.0,3074656.0,100000.0,80000.0,5000.0,14000.0,1400.0,10000.0,105000.0,100000.0,0.0,0.0,0.0,0.0,0.0,0.0,0.0,5000.0,400000.0,0.9,1.2,0.01,0.0,0.0,0.0,0.6,6.0,5.01,0.0,0.0,0.0,0.0,0.1,8.4,2.0,4.0,43.09221382,11.80920172,7.196583448999999,3.266669999,25.0,2.0,1.0,4.0,25.0,5.0,19.0,25.0,25.0,3.4,3.0,4.0,16.0,16.0,25.0,25.0,25.0
4,5113100.0,1.0,1.0,1.0,1.0,1.0,1.0,1.0,1.0,1.0,1.0,1.0,1.0,1.0,1.0,1.0,1.0,1.0,1.0,1.0,1.0,1.0,1.0,1.0,1.0,1.0,1.0,1.0,1.0,1.0,1.0,1.0,2e-05,0.0001,0.003,0.0001,0.0001,0.003,2e-05,0.0001,1.0,1.0,1.0,1.0,1.0,1.0,1.0,1.0,1.0,1.0,1.0,0.05694748765118105,0.10992772880223169,0.0467616205881656,0.04068438181470159,0.024031253398649977,0.04613517479380644,0.10516377160535437,0.05512162301339522,0.08506836897907487,0.010804684500012965,0.0956122486737891,0.10060410243658971,0.01906266433804532,0.0762398470137207,0.013328110761723902,0.014462371521999575,0.96,0.9,0.8,62.43010326,3.108466552,1917502.0,3128555.0,100000.0,80000.0,5000.0,14000.0,1400.0,10000.0,105000.0,100000.0,0.0,0.0,0.0,0.0,0.0,0.0,0.0,5000.0,400000.0,0.9,1.2,0.01,0.0,0.0,0.0,0.6,6.0,5.01,0.0,0.0,0.0,0.0,0.1,8.4,2.0,4.0,44.39106086,12.14492665,7.402811149,3.361588594,25.0,2.0,1.0,4.0,25.0,5.0,19.0,25.0,25.0,3.4,3.0,4.0,16.0,16.0,25.0,25.0,25.0
5,5113100.0,1.0,1.0,1.0,1.0,1.0,1.0,1.0,1.0,1.0,1.0,1.0,1.0,1.0,1.0,1.0,1.0,1.0,1.0,1.0,1.0,1.0,1.0,1.0,1.0,1.0,1.0,1.0,1.0,1.0,1.0,1.0,2e-05,0.0001,0.003,0.0001,0.0001,0.003,2e-05,0.0001,1.0,1.0,1.0,1.0,1.0,1.0,1.0,1.0,1.0,1.0,1.0,0.05694748765118105,0.10992772880223169,0.0467616205881656,0.04068438181470159,0.024031253398649977,0.04613517479380644,0.10516377160535437,0.05512162301339522,0.08506836897907487,0.010804684500012965,0.0956122486737891,0.10060410243658971,0.01906266433804532,0.0762398470137207,0.013328110761723902,0.014462371521999575,0.95,0.9,0.8,64.18828134,3.100747094,1909226.0,3182044.0,100000.0,80000.0,5000.0,14000.0,1400.0,10000.0,105000.0,100000.0,0.0,0.0,0.0,0.0,0.0,0.0,0.0,5000.0,400000.0,0.9,1.2,0.01,0.0,0.0,0.0,0.6,6.0,5.01,0.0,0.0,0.0,0.0,0.1,8.4,2.0,4.0,45.67741973,12.47977591,7.607812281,3.455923617,25.0,2.0,1.0,4.0,25.0,5.0,19.0,25.0,25.0,3.4,3.0,4.0,16.0,16.0,25.0,25.0,25.0
6,5113100.0,1.0,1.0,1.0,1.0,1.0,1.0,1.0,1.0,1.0,1.0,1.0,1.0,1.0,1.0,1.0,1.0,1.0,1.0,1.0,1.0,1.0,1.0,1.0,1.0,1.0,1.0,1.0,1.0,1.0,1.0,1.0,2e-05,0.0001,0.003,0.0001,0.0001,0.003,2e-05,0.0001,1.0,1.0,1.0,1.0,1.0,1.0,1.0,1.0,1.0,1.0,1.0,0.05694748765118105,0.10992772880223169,0.0467616205881656,0.04068438181470159,0.024031253398649977,0.04613517479380644,0.10516377160535437,0.05512162301339522,0.08506836897907487,0.010804684500012965,0.0956122486737891,0.10060410243658971,0.01906266433804532,0.0762398470137207,0.013328110761723902,0.014462371521999575,0.94,0.9,0.8,66.12371693,3.092088431,1899964.0,3235075.0,100000.0,80000.0,5000.0,14000.0,1400.0,10000.0,105000.0,100000.0,0.0,0.0,0.0,0.0,0.0,0.0,0.0,5000.0,400000.0,0.9,1.2,0.01,0.0,0.0,0.0,0.6,6.0,5.01,0.0,0.0,0.0,0.0,0.1,8.4,2.0,4.0,47.09170214,12.84997243,7.833481796,3.560140589,25.0,2.0,1.0,4.0,25.0,5.0,19.0,25.0,25.0,3.4,3.0,4.0,16.0,16.0,25.0,25.0,25.0
7,5113100.0,1.0,1.0,1.0,1.0,1.0,1.0,1.0,1.0,1.0,1.0,1.0,1.0,1.0,1.0,1.0,1.0,1.0,1.0,1.0,1.0,1.0,1.0,1.0,1.0,1.0,1.0,1.0,1.0,1.0,1.0,1.0,2e-05,0.0001,0.003,0.0001,0.0001,0.003,2e-05,0.0001,1.0,1.0,1.0,1.0,1.0,1.0,1.0,1.0,1.0,1.0,1.0,0.05694748765118105,0.10992772880223169,0.0467616205881656,0.04068438181470159,0.024031253398649977,0.04613517479380644,0.10516377160535437,0.05512162301339522,0.08506836897907487,0.010804684500012965,0.0956122486737891,0.10060410243658971,0.01906266433804532,0.0762398470137207,0.013328110761723902,0.014462371521999575,0.93,0.9,0.8,68.18433178,3.082887531,1889752.0,3287652.0,100000.0,80000.0,5000.0,14000.0,1400.0,10000.0,105000.0,100000.0,0.0,0.0,0.0,0.0,0.0,0.0,0.0,5000.0,400000.0,0.9,1.2,0.01,0.0,0.0,0.0,0.6,6.0,5.01,0.0,0.0,0.0,0.0,0.1,8.4,2.0,4.0,48.59598329,13.2460467,8.074160761,3.67142209,25.0,2.0,1.0,4.0,25.0,5.0,19.0,25.0,25.0,3.4,3.0,4.0,16.0,16.0,25.0,25.0,25.0
8,5113100.0,1.0,1.0,1.0,1.0,1.0,1.0,1.0,1.0,1.0,1.0,1.0,1.0,1.0,1.0,1.0,1.0,1.0,1.0,1.0,1.0,1.0,1.0,1.0,1.0,1.0,1.0,1.0,1.0,1.0,1.0,1.0,2e-05,0.0001,0.003,0.0001,0.0001,0.003,2e-05,0.0001,1.0,1.0,1.0,1.0,1.0,1.0,1.0,1.0,1.0,1.0,1.0,0.05694748765118105,0.10992772880223169,0.0467616205881656,0.04068438181470159,0.024031253398649977,0.04613517479380644,0.10516377160535437,0.05512162301339522,0.08506836897907487,0.010804684500012965,0.0956122486737891,0.10060410243658971,0.01906266433804532,0.0762398470137207,0.013328110761723902,0.014462371521999575,0.92,0.9,0.8,70.45918688,3.072677398,1878616.0,3339763.0,100000.0,80000.0,5000.0,14000.0,1400.0,10000.0,105000.0,100000.0,0.0,0.0,0.0,0.0,0.0,0.0,0.0,5000.0,400000.0,0.9,1.2,0.01,0.0,0.0,0.0,0.6,6.0,5.01,0.0,0.0,0.0,0.0,0.1,8.4,2.0,4.0,50.25520448,13.68496934,8.340166596,3.794604334,25.0,2.0,1.0,4.0,25.0,5.0,19.0,25.0,25.0,3.4,3.0,4.0,16.0,16.0,25.0,25.0,25.0
9,5113100.0,1.0,1.0,1.0,1.0,1.0,1.0,1.0,1.0,1.0,1.0,1.0,1.0,1.0,1.0,1.0,1.0,1.0,1.0,1.0,1.0,1.0,1.0,1.0,1.0,1.0,1.0,1.0,1.0,1.0,1.0,1.0,2e-05,0.0001,0.003,0.0001,0.0001,0.003,2e-05,0.0001,1.0,1.0,1.0,1.0,1.0,1.0,1.0,1.0,1.0,1.0,1.0,0.05694748765118105,0.10992772880223169,0.0467616205881656,0.04068438181470159,0.024031253398649977,0.04613517479380644,0.10516377160535437,0.05512162301339522,0.08506836897907487,0.010804684500012965,0.0956122486737891,0.10060410243658971,0.01906266433804532,0.0762398470137207,0.013328110761723902,0.014462371521999575,0.91,0.9,0.8,72.95089139,3.061545236,1866592.0,3391415.0,100000.0,80000.0,5000.0,14000.0,1400.0,10000.0,105000.0,100000.0,0.0,0.0,0.0,0.0,0.0,0.0,0.0,5000.0,400000.0,0.9,1.2,0.01,0.0,0.0,0.0,0.6,6.0,5.01,0.0,0.0,0.0,0.0,0.1,8.4,2.0,4.0,52.07124644,14.16767585,8.632126083,3.929847167,25.0,2.0,1.0,4.0,25.0,5.0,19.0,25.0,25.0,3.4,3.0,4.0,16.0,16.0,25.0,25.0,25.0
10,5113100.0,1.0,1.0,1.0,1.0,1.0,1.0,1.0,1.0,1.0,1.0,1.0,1.0,1.0,1.0,1.0,1.0,1.0,1.0,1.0,1.0,1.0,1.0,1.0,1.0,1.0,1.0,1.0,1.0,1.0,1.0,1.0,2e-05,0.0001,0.003,0.0001,0.0001,0.003,2e-05,0.0001,1.0,1.0,1.0,1.0,1.0,1.0,1.0,1.0,1.0,1.0,1.0,0.05694748765118105,0.10992772880223169,0.0467616205881656,0.04068438181470159,0.024031253398649977,0.04613517479380644,0.10516377160535437,0.05512162301339522,0.08506836897907487,0.010804684500012965,0.0956122486737891,0.10060410243658971,0.01906266433804532,0.0762398470137207,0.013328110761723902,0.014462371521999575,0.9,0.9,0.8,75.53079502,3.050288103,1853714.0,3442611.0,100000.0,80000.0,5000.0,14000.0,1400.0,10000.0,105000.0,100000.0,0.0,0.0,0.0,0.0,0.0,0.0,0.0,5000.0,400000.0,0.9,1.2,0.01,0.0,0.0,0.0,0.6,6.0,5.01,0.0,0.0,0.0,0.0,0.1,8.4,2.0,4.0,53.95028727,14.67048758,8.935810938,4.07019666,25.0,2.0,1.0,4.0,25.0,5.0,19.0,25.0,25.0,3.4,3.0,4.0,16.0,16.0,25.0,25.0,25.0
11,5113100.0,1.0,1.0,1.0,1.0,1.0,1.0,1.0,1.0,1.0,1.0,1.0,1.0,1.0,1.0,1.0,1.0,1.0,1.0,1.0,1.0,1.0,1.0,1.0,1.0,1.0,1.0,1.0,1.0,1.0,1.0,1.0,2e-05,0.0001,0.003,0.0001,0.0001,0.003,2e-05,0.0001,1.0,1.0,1.0,1.0,1.0,1.0,1.0,1.0,1.0,1.0,1.0,0.05694748765118105,0.10992772880223169,0.0467616205881656,0.04068438181470159,0.024031253398649977,0.04613517479380644,0.10516377160535437,0.05512162301339522,0.08506836897907487,0.010804684500012965,0.0956122486737891,0.10060410243658971,0.01906266433804532,0.0762398470137207,0.013328110761723902,0.014462371521999575,0.89,0.9,0.8,78.20202249,3.038909142,1840003.0,3493338.0,100000.0,80000.0,5000.0,14000.0,1400.0,10000.0,105000.0,100000.0,0.0,0.0,0.0,0.0,0.0,0.0,0.0,5000.0,400000.0,0.9,1.2,0.01,0.0,0.0,0.0,0.6,6.0,5.01,0.0,0.0,0.0,0.0,0.1,8.4,2.0,4.0,55.89469218,15.19425785,9.251868678,4.215823087,25.0,2.0,1.0,4.0,25.0,5.0,19.0,25.0,25.0,3.4,3.0,4.0,16.0,16.0,25.0,25.0,25.0
12,5113100.0,1.0,1.0,1.0,1.0,1.0,1.0,1.0,1.0,1.0,1.0,1.0,1.0,1.0,1.0,1.0,1.0,1.0,1.0,1.0,1.0,1.0,1.0,1.0,1.0,1.0,1.0,1.0,1.0,1.0,1.0,1.0,2e-05,0.0001,0.003,0.0001,0.0001,0.003,2e-05,0.0001,1.0,1.0,1.0,1.0,1.0,1.0,1.0,1.0,1.0,1.0,1.0,0.05694748765118105,0.10992772880223169,0.0467616205881656,0.04068438181470159,0.024031253398649977,0.04613517479380644,0.10516377160535437,0.05512162301339522,0.08506836897907487,0.010804684500012965,0.0956122486737891,0.10060410243658971,0.01906266433804532,0.0762398470137207,0.013328110761723902,0.014462371521999575,0.88,0.9,0.8,80.96780859999998,3.02740852,1825469.0,3543557.0,100000.0,80000.0,5000.0,14000.0,1400.0,10000.0,105000.0,100000.0,0.0,0.0,0.0,0.0,0.0,0.0,0.0,5000.0,400000.0,0.9,1.2,0.01,0.0,0.0,0.0,0.6,6.0,5.01,0.0,0.0,0.0,0.0,0.1,8.4,2.0,4.0,57.90688651,15.73988515,9.580973605,4.366906548,25.0,2.0,1.0,4.0,25.0,5.0,19.0,25.0,25.0,3.4,3.0,4.0,16.0,16.0,25.0,25.0,25.0
13,5113100.0,1.0,1.0,1.0,1.0,1.0,1.0,1.0,1.0,1.0,1.0,1.0,1.0,1.0,1.0,1.0,1.0,1.0,1.0,1.0,1.0,1.0,1.0,1.0,1.0,1.0,1.0,1.0,1.0,1.0,1.0,1.0,2e-05,0.0001,0.003,0.0001,0.0001,0.003,2e-05,0.0001,1.0,1.0,1.0,1.0,1.0,1.0,1.0,1.0,1.0,1.0,1.0,0.05694748765118105,0.10992772880223169,0.0467616205881656,0.04068438181470159,0.024031253398649977,0.04613517479380644,0.10516377160535437,0.05512162301339522,0.08506836897907487,0.010804684500012965,0.0956122486737891,0.10060410243658971,0.01906266433804532,0.0762398470137207,0.013328110761723902,0.014462371521999575,0.87,0.9,0.8,83.83150208,3.015787388,1810127.0,3593238.0,100000.0,80000.0,5000.0,14000.0,1400.0,10000.0,105000.0,100000.0,0.0,0.0,0.0,0.0,0.0,0.0,0.0,5000.0,400000.0,0.9,1.2,0.01,0.0,0.0,0.0,0.6,6.0,5.01,0.0,0.0,0.0,0.0,0.1,8.4,2.0,4.0,59.98936838,16.30831534,9.923833127,4.5236353,25.0,2.0,1.0,4.0,25.0,5.0,19.0,25.0,25.0,3.4,3.0,4.0,16.0,16.0,25.0,25.0,25.0
14,5113100.0,1.0,1.0,1.0,1.0,1.0,1.0,1.0,1.0,1.0,1.0,1.0,1.0,1.0,1.0,1.0,1.0,1.0,1.0,1.0,1.0,1.0,1.0,1.0,1.0,1.0,1.0,1.0,1.0,1.0,1.0,1.0,2e-05,0.0001,0.003,0.0001,0.0001,0.003,2e-05,0.0001,1.0,1.0,1.0,1.0,1.0,1.0,1.0,1.0,1.0,1.0,1.0,0.05694748765118105,0.10992772880223169,0.0467616205881656,0.04068438181470159,0.024031253398649977,0.04613517479380644,0.10516377160535437,0.05512162301339522,0.08506836897907487,0.010804684500012965,0.0956122486737891,0.10060410243658971,0.01906266433804532,0.0762398470137207,0.013328110761723902,0.014462371521999575,0.86,0.9,0.8,86.79656948,3.004047025,1793994.0,3642352.0,100000.0,80000.0,5000.0,14000.0,1400.0,10000.0,105000.0,100000.0,0.0,0.0,0.0,0.0,0.0,0.0,0.0,5000.0,400000.0,0.9,1.2,0.01,0.0,0.0,0.0,0.6,6.0,5.01,0.0,0.0,0.0,0.0,0.1,8.4,2.0,4.0,62.14470074,16.9005455,10.28118606,4.686207257,25.0,2.0,1.0,4.0,25.0,5.0,19.0,25.0,25.0,3.4,3.0,4.0,16.0,16.0,25.0,25.0,25.0
15,5113100.0,1.0,1.0,1.0,1.0,1.0,1.0,1.0,1.0,1.0,1.0,1.0,1.0,1.0,1.0,1.0,1.0,1.0,1.0,1.0,1.0,1.0,1.0,1.0,1.0,1.0,1.0,1.0,1.0,1.0,1.0,1.0,2e-05,0.0001,0.003,0.0001,0.0001,0.003,2e-05,0.0001,1.0,1.0,1.0,1.0,1.0,1.0,1.0,1.0,1.0,1.0,1.0,0.05694748765118105,0.10992772880223169,0.0467616205881656,0.04068438181470159,0.024031253398649977,0.04613517479380644,0.10516377160535437,0.05512162301339522,0.08506836897907487,0.010804684500012965,0.0956122486737891,0.10060410243658971,0.01906266433804532,0.0762398470137207,0.013328110761723902,0.014462371521999575,0.85,0.9,0.8,89.86659940000001,2.99218838,1777085.0,3690869.0,100000.0,80000.0,5000.0,14000.0,1400.0,10000.0,105000.0,100000.0,0.0,0.0,0.0,0.0,0.0,0.0,0.0,5000.0,400000.0,0.9,1.2,0.01,0.0,0.0,0.0,0.6,6.0,5.01,0.0,0.0,0.0,0.0,0.1,8.4,2.0,4.0,64.37550593,17.51762663,10.65380161,4.854831048,25.0,2.0,1.0,4.0,25.0,5.0,19.0,25.0,25.0,3.4,3.0,4.0,16.0,16.0,25.0,25.0,25.0
16,5113100.0,1.0,1.0,1.0,1.0,1.0,1.0,1.0,1.0,1.0,1.0,1.0,1.0,1.0,1.0,1.0,1.0,1.0,1.0,1.0,1.0,1.0,1.0,1.0,1.0,1.0,1.0,1.0,1.0,1.0,1.0,1.0,2e-05,0.0001,0.003,0.0001,0.0001,0.003,2e-05,0.0001,1.0,1.0,1.0,1.0,1.0,1.0,1.0,1.0,1.0,1.0,1.0,0.05694748765118105,0.10992772880223169,0.0467616205881656,0.04068438181470159,0.024031253398649977,0.04613517479380644,0.10516377160535437,0.05512162301339522,0.08506836897907487,0.010804684500012965,0.0956122486737891,0.10060410243658971,0.01906266433804532,0.0762398470137207,0.013328110761723902,0.014462371521999575,0.84,0.9,0.8,93.04530679999999,2.980212977,1759419.0,3738764.0,100000.0,80000.0,5000.0,14000.0,1400.0,10000.0,105000.0,100000.0,0.0,0.0,0.0,0.0,0.0,0.0,0.0,5000.0,400000.0,0.9,1.2,0.01,0.0,0.0,0.0,0.6,6.0,5.01,0.0,0.0,0.0,0.0,0.1,8.4,2.0,4.0,66.68447044,18.16066381,11.04248122,5.029725587,25.0,2.0,1.0,4.0,25.0,5.0,19.0,25.0,25.0,3.4,3.0,4.0,16.0,16.0,25.0,25.0,25.0
17,5113100.0,1.0,1.0,1.0,1.0,1.0,1.0,1.0,1.0,1.0,1.0,1.0,1.0,1.0,1.0,1.0,1.0,1.0,1.0,1.0,1.0,1.0,1.0,1.0,1.0,1.0,1.0,1.0,1.0,1.0,1.0,1.0,2e-05,0.0001,0.003,0.0001,0.0001,0.003,2e-05,0.0001,1.0,1.0,1.0,1.0,1.0,1.0,1.0,1.0,1.0,1.0,1.0,0.0569474876511811,0.109927728802232,0.0467616205881656,0.0406843818147016,0.02403125339865,0.0461351747938064,0.105163771605354,0.0551216230133952,0.0850683689790749,0.010804684500013,0.0956122486737891,0.10060410243659,0.0190626643380453,0.0762398470137207,0.0133281107617239,0.0144623715219996,0.83,0.9,0.8,96.33653732,2.968124899,1741025.0,3786038.0,100000.0,80000.0,5000.0,14000.0,1400.0,10000.0,105000.0,100000.0,0.0,0.0,0.0,0.0,0.0,0.0,0.0,5000.0,400000.0,0.9,1.2,0.01,0.0,0.0,0.0,0.6,6.0,5.01,0.0,0.0,0.0,0.0,0.1,8.4,2.0,4.0,69.07436058,18.83081376,11.44806257,5.211118257,25.0,2.0,1.0,4.0,25.0,5.0,19.0,25.0,25.0,3.4,3.0,4.0,16.0,16.0,25.0,25.0,25.0
18,5113100.0,1.0,1.0,1.0,1.0,1.0,1.0,1.0,1.0,1.0,1.0,1.0,1.0,1.0,1.0,1.0,1.0,1.0,1.0,1.0,1.0,1.0,1.0,1.0,1.0,1.0,1.0,1.0,1.0,1.0,1.0,1.0,2e-05,0.0001,0.003,0.0001,0.0001,0.003,2e-05,0.0001,1.0,1.0,1.0,1.0,1.0,1.0,1.0,1.0,1.0,1.0,1.0,0.0569474876511811,0.109927728802232,0.0467616205881656,0.0406843818147016,0.02403125339865,0.0461351747938064,0.105163771605354,0.0551216230133952,0.0850683689790749,0.010804684500013,0.0956122486737891,0.10060410243659,0.0190626643380453,0.0762398470137207,0.0133281107617239,0.0144623715219996,0.82,0.9,0.8,99.74427207,2.955925565,1721923.0,3832667.0,100000.0,80000.0,5000.0,14000.0,1400.0,10000.0,105000.0,100000.0,0.0,0.0,0.0,0.0,0.0,0.0,0.0,5000.0,400000.0,0.9,1.2,0.01,0.0,0.0,0.0,0.6,6.0,5.01,0.0,0.0,0.0,0.0,0.1,8.4,2.0,4.0,71.54799061,19.52929278,11.87141183,5.399249713,25.0,2.0,1.0,4.0,25.0,5.0,19.0,25.0,25.0,3.4,3.0,4.0,16.0,16.0,25.0,25.0,25.0
19,5113100.0,1.0,1.0,1.0,1.0,1.0,1.0,1.0,1.0,1.0,1.0,1.0,1.0,1.0,1.0,1.0,1.0,1.0,1.0,1.0,1.0,1.0,1.0,1.0,1.0,1.0,1.0,1.0,1.0,1.0,1.0,1.0,2e-05,0.0001,0.003,0.0001,0.0001,0.003,2e-05,0.0001,1.0,1.0,1.0,1.0,1.0,1.0,1.0,1.0,1.0,1.0,1.0,0.0569474876511811,0.109927728802232,0.0467616205881656,0.0406843818147016,0.02403125339865,0.0461351747938064,0.105163771605354,0.0551216230133952,0.0850683689790749,0.010804684500013,0.0956122486737891,0.10060410243659,0.0190626643380453,0.0762398470137207,0.0133281107617239,0.0144623715219996,0.81,0.9,0.8,103.2726323,2.943621359,1702153.0,3878676.0,100000.0,80000.0,5000.0,14000.0,1400.0,10000.0,105000.0,100000.0,0.0,0.0,0.0,0.0,0.0,0.0,0.0,5000.0,400000.0,0.9,1.2,0.01,0.0,0.0,0.0,0.6,6.0,5.01,0.0,0.0,0.0,0.0,0.1,8.4,2.0,4.0,74.10827634,20.25736572,12.31343688,5.594366965,25.0,2.0,1.0,4.0,25.0,5.0,19.0,25.0,25.0,3.4,3.0,4.0,16.0,16.0,25.0,25.0,25.0
20,5113100.0,1.0,1.0,1.0,1.0,1.0,1.0,1.0,1.0,1.0,1.0,1.0,1.0,1.0,1.0,1.0,1.0,1.0,1.0,1.0,1.0,1.0,1.0,1.0,1.0,1.0,1.0,1.0,1.0,1.0,1.0,1.0,2e-05,0.0001,0.003,0.0001,0.0001,0.003,2e-05,0.0001,1.0,1.0,1.0,1.0,1.0,1.0,1.0,1.0,1.0,1.0,1.0,0.0569474876511811,0.109927728802232,0.0467616205881656,0.0406843818147016,0.02403125339865,0.0461351747938064,0.105163771605354,0.0551216230133952,0.0850683689790749,0.010804684500013,0.0956122486737891,0.10060410243659,0.0190626643380453,0.0762398470137207,0.0133281107617239,0.0144623715219996,0.8,0.9,0.8,106.9258845,2.931214898,1681739.0,3924057.0,100000.0,80000.0,5000.0,14000.0,1400.0,10000.0,105000.0,100000.0,0.0,0.0,0.0,0.0,0.0,0.0,0.0,5000.0,400000.0,0.9,1.2,0.01,0.0,0.0,0.0,0.6,6.0,5.01,0.0,0.0,0.0,0.0,0.1,8.4,2.0,4.0,76.75818214,21.01636007,12.77507543,5.796731138999999,25.0,2.0,1.0,4.0,25.0,5.0,19.0,25.0,25.0,3.4,3.0,4.0,16.0,16.0,25.0,25.0,25.0
21,5113100.0,1.0,1.0,1.0,1.0,1.0,1.0,1.0,1.0,1.0,1.0,1.0,1.0,1.0,1.0,1.0,1.0,1.0,1.0,1.0,1.0,1.0,1.0,1.0,1.0,1.0,1.0,1.0,1.0,1.0,1.0,1.0,2e-05,0.0001,0.003,0.0001,0.0001,0.003,2e-05,0.0001,1.0,1.0,1.0,1.0,1.0,1.0,1.0,1.0,1.0,1.0,1.0,0.0569474876511811,0.109927728802232,0.0467616205881656,0.0406843818147016,0.02403125339865,0.0461351747938064,0.105163771605354,0.0551216230133952,0.0850683689790749,0.010804684500013,0.0956122486737891,0.10060410243659,0.0190626643380453,0.0762398470137207,0.0133281107617239,0.0144623715219996,0.79,0.9,0.8,110.7084456,2.91870811,1674776.0,3954723.0,100000.0,80000.0,5000.0,14000.0,1400.0,10000.0,105000.0,100000.0,0.0,0.0,0.0,0.0,0.0,0.0,0.0,5000.0,400000.0,0.9,1.2,0.01,0.0,0.0,0.0,0.6,6.0,5.01,0.0,0.0,0.0,0.0,0.1,8.4,2.0,4.0,79.50074256,21.80766246,13.25730139,6.006614932000001,25.0,2.0,1.0,4.0,25.0,5.0,19.0,25.0,25.0,3.4,3.0,4.0,16.0,16.0,25.0,25.0,25.0
22,5113100.0,1.0,1.0,1.0,1.0,1.0,1.0,1.0,1.0,1.0,1.0,1.0,1.0,1.0,1.0,1.0,1.0,1.0,1.0,1.0,1.0,1.0,1.0,1.0,1.0,1.0,1.0,1.0,1.0,1.0,1.0,1.0,2e-05,0.0001,0.003,0.0001,0.0001,0.003,2e-05,0.0001,1.0,1.0,1.0,1.0,1.0,1.0,1.0,1.0,1.0,1.0,1.0,0.0569474876511811,0.109927728802232,0.0467616205881656,0.0406843818147016,0.02403125339865,0.0461351747938064,0.105163771605354,0.0551216230133952,0.0850683689790749,0.010804684500013,0.0956122486737891,0.10060410243659,0.0190626643380453,0.0762398470137207,0.0133281107617239,0.0144623715219996,0.78,0.9,0.8,114.6248886,2.90610268,1667323.0,3984621.0,100000.0,80000.0,5000.0,14000.0,1400.0,10000.0,105000.0,100000.0,0.0,0.0,0.0,0.0,0.0,0.0,0.0,5000.0,400000.0,0.9,1.2,0.01,0.0,0.0,0.0,0.6,6.0,5.01,0.0,0.0,0.0,0.0,0.1,8.4,2.0,4.0,82.33907012,22.63271908,13.76112757,6.224302253999999,25.0,2.0,1.0,4.0,25.0,5.0,19.0,25.0,25.0,3.4,3.0,4.0,16.0,16.0,25.0,25.0,25.0
23,5113100.0,1.0,1.0,1.0,1.0,1.0,1.0,1.0,1.0,1.0,1.0,1.0,1.0,1.0,1.0,1.0,1.0,1.0,1.0,1.0,1.0,1.0,1.0,1.0,1.0,1.0,1.0,1.0,1.0,1.0,1.0,1.0,2e-05,0.0001,0.003,0.0001,0.0001,0.003,2e-05,0.0001,1.0,1.0,1.0,1.0,1.0,1.0,1.0,1.0,1.0,1.0,1.0,0.0569474876511811,0.109927728802232,0.0467616205881656,0.0406843818147016,0.02403125339865,0.0461351747938064,0.105163771605354,0.0551216230133952,0.0850683689790749,0.010804684500013,0.0956122486737891,0.10060410243659,0.0190626643380453,0.0762398470137207,0.0133281107617239,0.0144623715219996,0.77,0.9,0.8,118.6799475,2.893399199,1659388.0,4013735.0,100000.0,80000.0,5000.0,14000.0,1400.0,10000.0,105000.0,100000.0,0.0,0.0,0.0,0.0,0.0,0.0,0.0,5000.0,400000.0,0.9,1.2,0.01,0.0,0.0,0.0,0.6,6.0,5.01,0.0,0.0,0.0,0.0,0.1,8.4,2.0,4.0,85.27635393,23.49303873,14.28760694,6.450089021,25.0,2.0,1.0,4.0,25.0,5.0,19.0,25.0,25.0,3.4,3.0,4.0,16.0,16.0,25.0,25.0,25.0
24,5113100.0,1.0,1.0,1.0,1.0,1.0,1.0,1.0,1.0,1.0,1.0,1.0,1.0,1.0,1.0,1.0,1.0,1.0,1.0,1.0,1.0,1.0,1.0,1.0,1.0,1.0,1.0,1.0,1.0,1.0,1.0,1.0,2e-05,0.0001,0.003,0.0001,0.0001,0.003,2e-05,0.0001,1.0,1.0,1.0,1.0,1.0,1.0,1.0,1.0,1.0,1.0,1.0,0.0569474876511811,0.109927728802232,0.0467616205881656,0.0406843818147016,0.02403125339865,0.0461351747938064,0.105163771605354,0.0551216230133952,0.0850683689790749,0.010804684500013,0.0956122486737891,0.10060410243659,0.0190626643380453,0.0762398470137207,0.0133281107617239,0.0144623715219996,0.76,0.9,0.8,122.8785235,2.880599622,1650984.0,4042064.0,100000.0,80000.0,5000.0,14000.0,1400.0,10000.0,105000.0,100000.0,0.0,0.0,0.0,0.0,0.0,0.0,0.0,5000.0,400000.0,0.9,1.2,0.01,0.0,0.0,0.0,0.6,6.0,5.01,0.0,0.0,0.0,0.0,0.1,8.4,2.0,4.0,88.3158834,24.39018952,14.83783832,6.68428089,25.0,2.0,1.0,4.0,25.0,5.0,19.0,25.0,25.0,3.4,3.0,4.0,16.0,16.0,25.0,25.0,25.0
25,5113100.0,1.0,1.0,1.0,1.0,1.0,1.0,1.0,1.0,1.0,1.0,1.0,1.0,1.0,1.0,1.0,1.0,1.0,1.0,1.0,1.0,1.0,1.0,1.0,1.0,1.0,1.0,1.0,1.0,1.0,1.0,1.0,2e-05,0.0001,0.003,0.0001,0.0001,0.003,2e-05,0.0001,1.0,1.0,1.0,1.0,1.0,1.0,1.0,1.0,1.0,1.0,1.0,0.0569474876511811,0.109927728802232,0.0467616205881656,0.0406843818147016,0.02403125339865,0.0461351747938064,0.105163771605354,0.0551216230133952,0.0850683689790749,0.010804684500013,0.0956122486737891,0.10060410243659,0.0190626643380453,0.0762398470137207,0.0133281107617239,0.0144623715219996,0.75,0.9,0.8,127.2256909,2.867705534,1642122.0,4069605.0,100000.0,80000.0,5000.0,14000.0,1400.0,10000.0,105000.0,100000.0,0.0,0.0,0.0,0.0,0.0,0.0,0.0,5000.0,400000.0,0.9,1.2,0.01,0.0,0.0,0.0,0.6,6.0,5.01,0.0,0.0,0.0,0.0,0.1,8.4,2.0,4.0,91.46103932,25.32580491,15.41296606,6.927195331,25.0,2.0,1.0,4.0,25.0,5.0,19.0,25.0,25.0,3.4,3.0,4.0,16.0,16.0,25.0,25.0,25.0
26,5113100.0,1.0,1.0,1.0,1.0,1.0,1.0,1.0,1.0,1.0,1.0,1.0,1.0,1.0,1.0,1.0,1.0,1.0,1.0,1.0,1.0,1.0,1.0,1.0,1.0,1.0,1.0,1.0,1.0,1.0,1.0,1.0,2e-05,0.0001,0.003,0.0001,0.0001,0.003,2e-05,0.0001,1.0,1.0,1.0,1.0,1.0,1.0,1.0,1.0,1.0,1.0,1.0,0.0569474876511811,0.109927728802232,0.0467616205881656,0.0406843818147016,0.02403125339865,0.0461351747938064,0.105163771605354,0.0551216230133952,0.0850683689790749,0.010804684500013,0.0956122486737891,0.10060410243659,0.0190626643380453,0.0762398470137207,0.0133281107617239,0.0144623715219996,0.74,0.9,0.8,131.7267032,2.854717437,1632809.0,4096345.0,100000.0,80000.0,5000.0,14000.0,1400.0,10000.0,105000.0,100000.0,0.0,0.0,0.0,0.0,0.0,0.0,0.0,5000.0,400000.0,0.9,1.2,0.01,0.0,0.0,0.0,0.6,6.0,5.01,0.0,0.0,0.0,0.0,0.1,8.4,2.0,4.0,94.71529351,26.3015873,16.01418179,7.179162458,25.0,2.0,1.0,4.0,25.0,5.0,19.0,25.0,25.0,3.4,3.0,4.0,16.0,16.0,25.0,25.0,25.0
27,5113100.0,1.0,1.0,1.0,1.0,1.0,1.0,1.0,1.0,1.0,1.0,1.0,1.0,1.0,1.0,1.0,1.0,1.0,1.0,1.0,1.0,1.0,1.0,1.0,1.0,1.0,1.0,1.0,1.0,1.0,1.0,1.0,2e-05,0.0001,0.003,0.0001,0.0001,0.003,2e-05,0.0001,1.0,1.0,1.0,1.0,1.0,1.0,1.0,1.0,1.0,1.0,1.0,0.0569474876511811,0.109927728802232,0.0467616205881656,0.0406843818147016,0.02403125339865,0.0461351747938064,0.105163771605354,0.0551216230133952,0.0850683689790749,0.010804684500013,0.0956122486737891,0.10060410243659,0.0190626643380453,0.0762398470137207,0.0133281107617239,0.0144623715219996,0.73,0.9,0.8,136.3869992,2.841636764,1623058.0,4122279.0,100000.0,80000.0,5000.0,14000.0,1400.0,10000.0,105000.0,100000.0,0.0,0.0,0.0,0.0,0.0,0.0,0.0,5000.0,400000.0,0.9,1.2,0.01,0.0,0.0,0.0,0.6,6.0,5.01,0.0,0.0,0.0,0.0,0.1,8.4,2.0,4.0,98.08223058,27.31930573,16.64272962,7.440523291,25.0,2.0,1.0,4.0,25.0,5.0,19.0,25.0,25.0,3.4,3.0,4.0,16.0,16.0,25.0,25.0,25.0
28,5113100.0,1.0,1.0,1.0,1.0,1.0,1.0,1.0,1.0,1.0,1.0,1.0,1.0,1.0,1.0,1.0,1.0,1.0,1.0,1.0,1.0,1.0,1.0,1.0,1.0,1.0,1.0,1.0,1.0,1.0,1.0,1.0,2e-05,0.0001,0.003,0.0001,0.0001,0.003,2e-05,0.0001,1.0,1.0,1.0,1.0,1.0,1.0,1.0,1.0,1.0,1.0,1.0,0.0569474876511811,0.109927728802232,0.0467616205881656,0.0406843818147016,0.02403125339865,0.0461351747938064,0.105163771605354,0.0551216230133952,0.0850683689790749,0.010804684500013,0.0956122486737891,0.10060410243659,0.0190626643380453,0.0762398470137207,0.0133281107617239,0.0144623715219996,0.72,0.9,0.8,141.2122101,2.8284631,1612873.0,4147386.0,100000.0,80000.0,5000.0,14000.0,1400.0,10000.0,105000.0,100000.0,0.0,0.0,0.0,0.0,0.0,0.0,0.0,5000.0,400000.0,0.9,1.2,0.01,0.0,0.0,0.0,0.6,6.0,5.01,0.0,0.0,0.0,0.0,0.1,8.4,2.0,4.0,101.5655288,28.38080567,17.29990504,7.711633128,25.0,2.0,1.0,4.0,25.0,5.0,19.0,25.0,25.0,3.4,3.0,4.0,16.0,16.0,25.0,25.0,25.0
29,5113100.0,1.0,1.0,1.0,1.0,1.0,1.0,1.0,1.0,1.0,1.0,1.0,1.0,1.0,1.0,1.0,1.0,1.0,1.0,1.0,1.0,1.0,1.0,1.0,1.0,1.0,1.0,1.0,1.0,1.0,1.0,1.0,2e-05,0.0001,0.003,0.0001,0.0001,0.003,2e-05,0.0001,1.0,1.0,1.0,1.0,1.0,1.0,1.0,1.0,1.0,1.0,1.0,0.0569474876511811,0.109927728802232,0.0467616205881656,0.0406843818147016,0.02403125339865,0.0461351747938064,0.105163771605354,0.0551216230133952,0.0850683689790749,0.010804684500013,0.0956122486737891,0.10060410243659,0.0190626643380453,0.0762398470137207,0.0133281107617239,0.0144623715219996,0.71,0.9,0.8,146.2081664,2.815193772,1602249.0,4171623.0,100000.0,80000.0,5000.0,14000.0,1400.0,10000.0,105000.0,100000.0,0.0,0.0,0.0,0.0,0.0,0.0,0.0,5000.0,400000.0,0.9,1.2,0.01,0.0,0.0,0.0,0.6,6.0,5.01,0.0,0.0,0.0,0.0,0.1,8.4,2.0,4.0,105.1689578,29.48801404,17.98705684,7.992862845,25.0,2.0,1.0,4.0,25.0,5.0,19.0,25.0,25.0,3.4,3.0,4.0,16.0,16.0,25.0,25.0,25.0
30,5113100.0,1.0,1.0,1.0,1.0,1.0,1.0,1.0,1.0,1.0,1.0,1.0,1.0,1.0,1.0,1.0,1.0,1.0,1.0,1.0,1.0,1.0,1.0,1.0,1.0,1.0,1.0,1.0,1.0,1.0,1.0,1.0,2e-05,0.0001,0.003,0.0001,0.0001,0.003,2e-05,0.0001,1.0,1.0,1.0,1.0,1.0,1.0,1.0,1.0,1.0,1.0,1.0,0.0569474876511811,0.109927728802232,0.0467616205881656,0.0406843818147016,0.02403125339865,0.0461351747938064,0.105163771605354,0.0551216230133952,0.0850683689790749,0.010804684500013,0.0956122486737891,0.10060410243659,0.0190626643380453,0.0762398470137207,0.0133281107617239,0.0144623715219996,0.7,0.9,0.8,151.3809042,2.801828266,1591194.0,4194965.0,100000.0,80000.0,5000.0,14000.0,1400.0,10000.0,105000.0,100000.0,0.0,0.0,0.0,0.0,0.0,0.0,0.0,5000.0,400000.0,0.9,1.2,0.01,0.0,0.0,0.0,0.6,6.0,5.01,0.0,0.0,0.0,0.0,0.1,8.4,2.0,4.0,108.8964306,30.64292727,18.7055965,8.284593465,25.0,2.0,1.0,4.0,25.0,5.0,19.0,25.0,25.0,3.4,3.0,4.0,16.0,16.0,25.0,25.0,25.0
31,5113100.0,1.0,1.0,1.0,1.0,1.0,1.0,1.0,1.0,1.0,1.0,1.0,1.0,1.0,1.0,1.0,1.0,1.0,1.0,1.0,1.0,1.0,1.0,1.0,1.0,1.0,1.0,1.0,1.0,1.0,1.0,1.0,2e-05,0.0001,0.003,0.0001,0.0001,0.003,2e-05,0.0001,1.0,1.0,1.0,1.0,1.0,1.0,1.0,1.0,1.0,1.0,1.0,0.0569474876511811,0.109927728802232,0.0467616205881656,0.0406843818147016,0.02403125339865,0.0461351747938064,0.105163771605354,0.0551216230133952,0.0850683689790749,0.010804684500013,0.0956122486737891,0.10060410243659,0.0190626643380453,0.0762398470137207,0.0133281107617239,0.0144623715219996,0.7,0.9,0.8,156.7366727,2.788367771,1579717.0,4217411.0,100000.0,80000.0,5000.0,14000.0,1400.0,10000.0,105000.0,100000.0,0.0,0.0,0.0,0.0,0.0,0.0,0.0,5000.0,400000.0,0.9,1.2,0.01,0.0,0.0,0.0,0.6,6.0,5.01,0.0,0.0,0.0,0.0,0.1,8.4,2.0,4.0,112.7520034,31.84761623,19.45699951,8.587217436,25.0,2.0,1.0,4.0,25.0,5.0,19.0,25.0,25.0,3.4,3.0,4.0,16.0,16.0,25.0,25.0,25.0
32,5113100.0,1.0,1.0,1.0,1.0,1.0,1.0,1.0,1.0,1.0,1.0,1.0,1.0,1.0,1.0,1.0,1.0,1.0,1.0,1.0,1.0,1.0,1.0,1.0,1.0,1.0,1.0,1.0,1.0,1.0,1.0,1.0,2e-05,0.0001,0.003,0.0001,0.0001,0.003,2e-05,0.0001,1.0,1.0,1.0,1.0,1.0,1.0,1.0,1.0,1.0,1.0,1.0,0.0569474876511811,0.109927728802232,0.0467616205881656,0.0406843818147016,0.02403125339865,0.0461351747938064,0.105163771605354,0.0551216230133952,0.0850683689790749,0.010804684500013,0.0956122486737891,0.10060410243659,0.0190626643380453,0.0762398470137207,0.0133281107617239,0.0144623715219996,0.7,0.9,0.8,162.2819423,2.774813123,1567831.0,4238952.0,100000.0,80000.0,5000.0,14000.0,1400.0,10000.0,105000.0,100000.0,0.0,0.0,0.0,0.0,0.0,0.0,0.0,5000.0,400000.0,0.9,1.2,0.01,0.0,0.0,0.0,0.6,6.0,5.01,0.0,0.0,0.0,0.0,0.1,8.4,2.0,4.0,116.7398659,33.10423441,20.24280569,8.901141124,25.0,2.0,1.0,4.0,25.0,5.0,19.0,25.0,25.0,3.4,3.0,4.0,16.0,16.0,25.0,25.0,25.0
33,5113100.0,1.0,1.0,1.0,1.0,1.0,1.0,1.0,1.0,1.0,1.0,1.0,1.0,1.0,1.0,1.0,1.0,1.0,1.0,1.0,1.0,1.0,1.0,1.0,1.0,1.0,1.0,1.0,1.0,1.0,1.0,1.0,2e-05,0.0001,0.003,0.0001,0.0001,0.003,2e-05,0.0001,1.0,1.0,1.0,1.0,1.0,1.0,1.0,1.0,1.0,1.0,1.0,0.0569474876511811,0.109927728802232,0.0467616205881656,0.0406843818147016,0.02403125339865,0.0461351747938064,0.105163771605354,0.0551216230133952,0.0850683689790749,0.010804684500013,0.0956122486737891,0.10060410243659,0.0190626643380453,0.0762398470137207,0.0133281107617239,0.0144623715219996,0.7,0.9,0.8,168.0234115,2.761165651,1555549.0,4259587.0,100000.0,80000.0,5000.0,14000.0,1400.0,10000.0,105000.0,100000.0,0.0,0.0,0.0,0.0,0.0,0.0,0.0,5000.0,400000.0,0.9,1.2,0.01,0.0,0.0,0.0,0.6,6.0,5.01,0.0,0.0,0.0,0.0,0.1,8.4,2.0,4.0,120.8643507,34.41501926,21.0646224,9.226784771,25.0,2.0,1.0,4.0,25.0,5.0,19.0,25.0,25.0,3.4,3.0,4.0,16.0,16.0,25.0,25.0,25.0
34,5113100.0,1.0,1.0,1.0,1.0,1.0,1.0,1.0,1.0,1.0,1.0,1.0,1.0,1.0,1.0,1.0,1.0,1.0,1.0,1.0,1.0,1.0,1.0,1.0,1.0,1.0,1.0,1.0,1.0,1.0,1.0,1.0,2e-05,0.0001,0.003,0.0001,0.0001,0.003,2e-05,0.0001,1.0,1.0,1.0,1.0,1.0,1.0,1.0,1.0,1.0,1.0,1.0,0.0569474876511811,0.109927728802232,0.0467616205881656,0.0406843818147016,0.02403125339865,0.0461351747938064,0.105163771605354,0.0551216230133952,0.0850683689790749,0.010804684500013,0.0956122486737891,0.10060410243659,0.0190626643380453,0.0762398470137207,0.0133281107617239,0.0144623715219996,0.7,0.9,0.8,173.9680161,2.747426542,1542882.0,4279316.0,100000.0,80000.0,5000.0,14000.0,1400.0,10000.0,105000.0,100000.0,0.0,0.0,0.0,0.0,0.0,0.0,0.0,5000.0,400000.0,0.9,1.2,0.01,0.0,0.0,0.0,0.6,6.0,5.01,0.0,0.0,0.0,0.0,0.1,8.4,2.0,4.0,125.1299356,35.78229664,21.92412658,9.564583555,25.0,2.0,1.0,4.0,25.0,5.0,19.0,25.0,25.0,3.4,3.0,4.0,16.0,16.0,25.0,25.0,25.0
35,5113100.0,1.0,1.0,1.0,1.0,1.0,1.0,1.0,1.0,1.0,1.0,1.0,1.0,1.0,1.0,1.0,1.0,1.0,1.0,1.0,1.0,1.0,1.0,1.0,1.0,1.0,1.0,1.0,1.0,1.0,1.0,1.0,2e-05,0.0001,0.003,0.0001,0.0001,0.003,2e-05,0.0001,1.0,1.0,1.0,1.0,1.0,1.0,1.0,1.0,1.0,1.0,1.0,0.0569474876511811,0.109927728802232,0.0467616205881656,0.0406843818147016,0.02403125339865,0.0461351747938064,0.105163771605354,0.0551216230133952,0.0850683689790749,0.010804684500013,0.0956122486737891,0.10060410243659,0.0190626643380453,0.0762398470137207,0.0133281107617239,0.0144623715219996,0.7,0.9,0.8,180.1229363,2.733596564,1529843.0,4298132.0,100000.0,80000.0,5000.0,14000.0,1400.0,10000.0,105000.0,100000.0,0.0,0.0,0.0,0.0,0.0,0.0,0.0,5000.0,400000.0,0.9,1.2,0.01,0.0,0.0,0.0,0.6,6.0,5.01,0.0,0.0,0.0,0.0,0.1,8.4,2.0,4.0,129.5412485,37.20848398,22.82306754,9.914988205,25.0,2.0,1.0,4.0,25.0,5.0,19.0,25.0,25.0,3.4,3.0,4.0,16.0,16.0,25.0,25.0,25.0
