time_period,pij_lndu_croplands_to_croplands,pij_lndu_croplands_to_forests_mangroves,pij_lndu_croplands_to_forests_primary,pij_lndu_croplands_to_forests_secondary,pij_lndu_croplands_to_grasslands,pij_lndu_croplands_to_other,pij_lndu_croplands_to_settlements,pij_lndu_croplands_to_wetlands,pij_lndu_forests_mangroves_to_croplands,pij_lndu_forests_mangroves_to_forests_mangroves,pij_lndu_forests_mangroves_to_forests_primary,pij_lndu_forests_mangroves_to_forests_secondary,pij_lndu_forests_mangroves_to_grasslands,pij_lndu_forests_mangroves_to_other,pij_lndu_forests_mangroves_to_settlements,pij_lndu_forests_mangroves_to_wetlands,pij_lndu_forests_primary_to_croplands,pij_lndu_forests_primary_to_forests_mangroves,pij_lndu_forests_primary_to_forests_primary,pij_lndu_forests_primary_to_forests_secondary,pij_lndu_forests_primary_to_grasslands,pij_lndu_forests_primary_to_other,pij_lndu_forests_primary_to_settlements,pij_lndu_forests_primary_to_wetlands,pij_lndu_forests_secondary_to_croplands,pij_lndu_forests_secondary_to_forests_mangroves,pij_lndu_forests_secondary_to_forests_primary,pij_lndu_forests_secondary_to_forests_secondary,pij_lndu_forests_secondary_to_grasslands,pij_lndu_forests_secondary_to_other,pij_lndu_forests_secondary_to_settlements,pij_lndu_forests_secondary_to_wetlands,pij_lndu_grasslands_to_croplands,pij_lndu_grasslands_to_forests_mangroves,pij_lndu_grasslands_to_forests_primary,pij_lndu_grasslands_to_forests_secondary,pij_lndu_grasslands_to_grasslands,pij_lndu_grasslands_to_other,pij_lndu_grasslands_to_settlements,pij_lndu_grasslands_to_wetlands,pij_lndu_other_to_croplands,pij_lndu_other_to_forests_mangroves,pij_lndu_other_to_forests_primary,pij_lndu_other_to_forests_secondary,pij_lndu_other_to_grasslands,pij_lndu_other_to_other,pij_lndu_other_to_settlements,pij_lndu_other_to_wetlands,pij_lndu_settlements_to_croplands,pij_lndu_settlements_to_forests_mangroves,pij_lndu_settlements_to_forests_primary,pij_lndu_settlements_to_forests_secondary,pij_lndu_settlements_to_grasslands,pij_lndu_settlements_to_other,pij_lndu_settlements_to_settlements,pij_lndu_settlements_to_wetlands,pij_lndu_wetlands_to_croplands,pij_lndu_wetlands_to_forests_mangroves,pij_lndu_wetlands_to_forests_primary,pij_lndu_wetlands_to_forests_secondary,pij_lndu_wetlands_to_grasslands,pij_lndu_wetlands_to_other,pij_lndu_wetlands_to_settlements,pij_lndu_wetlands_to_wetlands,country
0,0.9559167022919955,0.0,0.0,0.0,0.03945331695739257,0.004629980750611775,0.0,0.0,0.0,0.97,0.0,0.0,0.0,0.0,0.020000000000000018,0.01,0.002536372697881,0.0,0.9898843888615618,0.0,0.007479238440557132,0.00010000000000000002,0.0,0.0,0.03067872543148688,0.0,0.0003750000000000001,0.9608,0.001,0.00010000000000000002,0.0007962745685131492,0.006250000000000001,0.028181597154869682,0.0,0.0,0.00017085847783731228,0.9660519076491796,0.005,1.1998401037245876e-05,0.0005836383170761724,0.0017315264730559385,0.0,0.0,7.683349288565395e-05,0.00493157901802814,0.9931928396411224,2.400238365204753e-06,6.482113654272353e-05,0.0012375000000000012,0.0,0.0,0.0002375000000000003,0.007425000000000006,0.00010000000000000002,0.991,0.0,0.01133936410383122,0.0,0.0,0.007028008369965396,0.0003125,8.750000000000001e-05,0.0012326275262034047,0.9800000000000002,argentina
1,0.9559167022919955,0.0,0.0,0.0,0.03945331695739257,0.004629980750611775,0.0,0.0,0.0,0.97,0.0,0.0,0.0,0.0,0.020000000000000018,0.01,0.002536372697881,0.0,0.9898843888615618,0.0,0.007479238440557132,0.00010000000000000002,0.0,0.0,0.03067872543148688,0.0,0.0003750000000000001,0.9608,0.001,0.00010000000000000002,0.0007962745685131492,0.006250000000000001,0.028181597154869682,0.0,0.0,0.00017085847783731228,0.9660519076491796,0.005,1.1998401037245876e-05,0.0005836383170761724,0.0017315264730559385,0.0,0.0,7.683349288565395e-05,0.00493157901802814,0.9931928396411224,2.400238365204753e-06,6.482113654272353e-05,0.0012375000000000012,0.0,0.0,0.0002375000000000003,0.007425000000000006,0.00010000000000000002,0.991,0.0,0.01133936410383122,0.0,0.0,0.007028008369965396,0.0003125,8.750000000000001e-05,0.0012326275262034047,0.9800000000000002,argentina
2,0.9559167022919955,0.0,0.0,0.0,0.03945331695739257,0.004629980750611775,0.0,0.0,0.0,0.97,0.0,0.0,0.0,0.0,0.020000000000000018,0.01,0.002536372697881,0.0,0.9898843888615618,0.0,0.007479238440557132,0.00010000000000000002,0.0,0.0,0.03067872543148688,0.0,0.0003750000000000001,0.9608,0.001,0.00010000000000000002,0.0007962745685131492,0.006250000000000001,0.028181597154869682,0.0,0.0,0.00017085847783731228,0.9660519076491796,0.005,1.1998401037245876e-05,0.0005836383170761724,0.0017315264730559385,0.0,0.0,7.683349288565395e-05,0.00493157901802814,0.9931928396411224,2.400238365204753e-06,6.482113654272353e-05,0.0012375000000000012,0.0,0.0,0.0002375000000000003,0.007425000000000006,0.00010000000000000002,0.991,0.0,0.01133936410383122,0.0,0.0,0.007028008369965396,0.0003125,8.750000000000001e-05,0.0012326275262034047,0.9800000000000002,argentina
3,0.9553113887046543,0.0,0.0,0.0,0.04004880117558463,0.004639810119761049,0.0,0.0,0.0,0.97,0.0,0.0,0.0,0.0,0.020000000000000018,0.01,0.0025282862953306855,0.0,0.9892218495906584,0.0,0.008150227382191191,9.963673181964559e-05,0.0,0.0,0.030599704472042143,0.0,0.0003750000000000001,0.960863524781051,0.0010151515151515151,9.98787878787879e-05,0.0007963272154403154,0.0062504132284362714,0.02878433688054447,0.0,0.0,0.00016568094820587856,0.9654946833604263,0.004977711690228529,1.1634813127026304e-05,0.0005659523074678036,0.0017270664806253398,0.0,0.0,7.683383615683377e-05,0.004931601050983878,0.9931972769569992,2.4002490888179133e-06,6.482142614595752e-05,0.0012343125000000013,0.0,0.0,0.00023750075796923723,0.0074250236965119395,0.00010000031914494188,0.9910031627263739,0.0,0.011310156650836505,0.0,0.0,0.007028215994519928,0.00031250923201423165,8.750258496398487e-05,0.0012326639410349702,0.9800289515966306,argentina
4,0.9547060751173129,0.0,0.0,0.0,0.0406442853937767,0.004649639488910322,0.0,0.0,0.0,0.97,0.0,0.0,0.0,0.0,0.020000000000000018,0.01,0.002520199892780371,0.0,0.9885593103197551,0.0,0.008821216323825251,9.927346363929117e-05,0.0,0.0,0.030520683512597405,0.0,0.0003750000000000001,0.960927049562102,0.0010303030303030303,9.975757575757577e-05,0.0007963798623674816,0.0062508264568725425,0.029387076606219257,0.0,0.0,0.00016050341857444487,0.964937459071673,0.004955423380457057,1.1271225216806733e-05,0.0005482662978594348,0.0017226064881947414,0.0,0.0,7.683417942801359e-05,0.004931623083939615,0.9932017142728761,2.400259812431074e-06,6.482171574919152e-05,0.001231125000000001,0.0,0.0,0.00023750151593847417,0.007425047393023874,0.00010000063828988375,0.9910063254527478,0.0,0.011280949197841787,0.0,0.0,0.007028423619074462,0.0003125184640284633,8.750516992796972e-05,0.0012327003558665357,0.980057903193261,argentina
5,0.9541007615299716,0.0,0.0,0.0,0.04123976961196876,0.0046594688580595955,0.0,0.0,0.0,0.97,0.0,0.0,0.0,0.0,0.020000000000000018,0.01,0.002512113490230057,0.0,0.9878967710488517,0.0,0.00949220526545931,9.891019545893674e-05,0.0,0.0,0.030441662553152664,0.0,0.0003750000000000001,0.960990574343153,0.0010454545454545456,9.963636363636366e-05,0.0007964325092946478,0.006251239685308813,0.029989816331894046,0.0,0.0,0.00015532588894301116,0.9643802347829197,0.004933135070685586,1.090763730658716e-05,0.0005305802882510658,0.0017181464957641427,0.0,0.0,7.683452269919342e-05,0.004931645116895352,0.9932061515887529,2.4002705360442346e-06,6.48220053524255e-05,0.0012279375000000012,0.0,0.0,0.00023750227390771108,0.007425071089535807,0.00010000095743482561,0.9910094881791217,0.0,0.01125174174484707,0.0,0.0,0.007028631243628994,0.0003125276960426949,8.750775489195458e-05,0.0012327367706981012,0.9800868547898914,argentina
6,0.9534954479426302,0.0,0.0,0.0,0.04183525383016083,0.0046692982272088695,0.0,0.0,0.0,0.97,0.0,0.0,0.0,0.0,0.020000000000000018,0.01,0.0025040270876797426,0.0,0.9872342317779482,0.0,0.010163194207093369,9.854692727858232e-05,0.0,0.0,0.030362641593707926,0.0,0.0003750000000000001,0.961054099124204,0.0010606060606060607,9.951515151515154e-05,0.000796485156221814,0.006251652913745084,0.03059255605756883,0.0,0.0,0.00015014835931157747,0.9638230104941664,0.004910846760914115,1.0544049396367589e-05,0.000512894278642697,0.001713686503333544,0.0,0.0,7.683486597037324e-05,0.00493166714985109,0.9932105889046298,2.400281259657395e-06,6.482229495565949e-05,0.0012247500000000012,0.0,0.0,0.00023750303187694801,0.00742509478604774,0.00010000127657976748,0.9910126509054955,0.0,0.011222534291852354,0.0,0.0,0.007028838868183528,0.00031253692805692653,8.751033985593945e-05,0.0012327731855296667,0.9801158063865218,argentina
7,0.9528901343552889,0.0,0.0,0.0,0.042430738048352894,0.0046791275963581425,0.0,0.0,0.0,0.97,0.0,0.0,0.0,0.0,0.020000000000000018,0.01,0.0024959406851294283,0.0,0.9865716925070449,0.0,0.010834183148727429,9.81836590982279e-05,0.0,0.0,0.030283620634263188,0.0,0.0003750000000000001,0.961117623905255,0.0010757575757575758,9.939393939393942e-05,0.0007965378031489802,0.006252066142181354,0.03119529578324362,0.0,0.0,0.00014497082968014375,0.9632657862054131,0.0048885584511426435,1.0180461486148016e-05,0.0004952082690343281,0.0017092265109029455,0.0,0.0,7.683520924155306e-05,0.004931689182806827,0.9932150262205065,2.4002919832705554e-06,6.482258455889349e-05,0.001221562500000001,0.0,0.0,0.00023750378984618495,0.007425118482559674,0.00010000159572470934,0.9910158136318694,0.0,0.011193326838857636,0.0,0.0,0.00702904649273806,0.0003125461600711582,8.75129248199243e-05,0.001232809600361232,0.9801447579831521,argentina
8,0.9522848207679475,0.0,0.0,0.0,0.043026222266544956,0.004688956965507416,0.0,0.0,0.0,0.97,0.0,0.0,0.0,0.0,0.020000000000000018,0.01,0.0024878542825791145,0.0,0.9859091532361415,0.0,0.011505172090361487,9.782039091787348e-05,0.0,0.0,0.03020459967481845,0.0,0.0003750000000000001,0.961181148686306,0.001090909090909091,9.927272727272729e-05,0.0007965904500761464,0.006252479370617625,0.03179803550891841,0.0,0.0,0.00013979330004871003,0.9627085619166599,0.0048662701413711715,9.816873575928445e-06,0.00047752225942595926,0.0017047665184723468,0.0,0.0,7.683555251273288e-05,0.004931711215762565,0.9932194635363834,2.4003027068837162e-06,6.482287416212747e-05,0.0012183750000000011,0.0,0.0,0.00023750454781542189,0.007425142179071607,0.00010000191486965121,0.9910189763582433,0.0,0.01116411938586292,0.0,0.0,0.007029254117292594,0.0003125553920853898,8.751550978390916e-05,0.0012328460151927974,0.9801737095797826,argentina
9,0.9516795071806062,0.0,0.0,0.0,0.043621706484737025,0.00469878633465669,0.0,0.0,0.0,0.97,0.0,0.0,0.0,0.0,0.020000000000000018,0.01,0.0024797678800288,0.0,0.985246613965238,0.0,0.012176161031995546,9.745712273751905e-05,0.0,0.0,0.030125578715373712,0.0,0.0003750000000000001,0.961244673467357,0.001106060606060606,9.915151515151517e-05,0.0007966430970033126,0.006252892599053895,0.0324007752345932,0.0,0.0,0.00013461577041727635,0.9621513376279065,0.0048439818315997,9.453285665708872e-06,0.00045983624981759037,0.001700306526041748,0.0,0.0,7.68358957839127e-05,0.004931733248718302,0.9932239008522602,2.4003134304968767e-06,6.482316376536146e-05,0.0012151875000000012,0.0,0.0,0.00023750530578465882,0.007425165875583541,0.00010000223401459307,0.9910221390846172,0.0,0.011134911932868204,0.0,0.0,0.007029461741847126,0.0003125646240996214,8.7518094747894e-05,0.001232882430024363,0.980202661176413,argentina
10,0.9510741935932648,0.0,0.0,0.0,0.044217190702929086,0.004708615703805963,0.0,0.0,0.0,0.97,0.0,0.0,0.0,0.0,0.020000000000000018,0.01,0.002471681477478486,0.0,0.9845840746943347,0.0,0.012847149973629606,9.709385455716463e-05,0.0,0.0,0.03004655775592897,0.0,0.0003750000000000001,0.961308198248408,0.0011212121212121212,9.903030303030305e-05,0.0007966957439304788,0.006253305827490166,0.03300351496026798,0.0,0.0,0.00012943824078584263,0.9615941133391532,0.004821693521828229,9.0896977554893e-06,0.00044215024020922153,0.0016958465336111496,0.0,0.0,7.683623905509253e-05,0.0049317552816740395,0.993228338168137,2.400324154110037e-06,6.482345336859545e-05,0.0012120000000000013,0.0,0.0,0.00023750606375389576,0.007425189572095475,0.00010000255315953494,0.9910253018109911,0.0,0.011105704479873487,0.0,0.0,0.0070296693664016596,0.00031257385611385306,8.752067971187887e-05,0.0012329188448559284,0.9802316127730434,argentina
11,0.9504688800059236,0.0,0.0,0.0,0.04481267492112115,0.004718445072955237,0.0,0.0,0.0,0.97,0.0,0.0,0.0,0.0,0.020000000000000018,0.01,0.0024635950749281716,0.0,0.9839215354234313,0.0,0.013518138915263666,9.67305863768102e-05,0.0,0.0,0.029967536796484232,0.0,0.0003750000000000001,0.9613717230294591,0.0011363636363636365,9.890909090909094e-05,0.000796748390857645,0.006253719055926437,0.03360625468594277,0.0,0.0,0.00012426071115440894,0.9610368890504,0.004799405212056758,8.726109845269729e-06,0.0004244642306008527,0.001691386541180551,0.0,0.0,7.683658232627235e-05,0.004931777314629777,0.9932327754840139,2.4003348777231975e-06,6.482374297182944e-05,0.0012088125000000011,0.0,0.0,0.00023750682172313267,0.007425213268607408,0.00010000287230447682,0.991028464537365,0.0,0.01107649702687877,0.0,0.0,0.007029876990956192,0.0003125830881280847,8.752326467586373e-05,0.001232955259687494,0.9802605643696738,argentina
12,0.9498635664185822,0.0,0.0,0.0,0.04540815913931322,0.004728274442104511,0.0,0.0,0.0,0.97,0.0,0.0,0.0,0.0,0.020000000000000018,0.01,0.0024555086723778573,0.0,0.9832589961525279,0.0,0.014189127856897726,9.636731819645578e-05,0.0,0.0,0.029888515837039494,0.0,0.0003750000000000001,0.96143524781051,0.0011515151515151516,9.878787878787881e-05,0.0007968010377848112,0.006254132284362707,0.03420899441161756,0.0,0.0,0.00011908318152297522,0.9604796647616467,0.004777116902285286,8.362521935050158e-06,0.0004067782209924838,0.0016869265487499522,0.0,0.0,7.683692559745217e-05,0.004931799347585515,0.9932372127998907,2.4003456013363583e-06,6.482403257506343e-05,0.0012056250000000012,0.0,0.0,0.0002375075796923696,0.007425236965119341,0.00010000319144941868,0.9910316272637388,0.0,0.011047289573884053,0.0,0.0,0.0070300846155107255,0.00031259232014231635,8.752584963984858e-05,0.0012329916745190594,0.9802895159663042,argentina
13,0.9492582528312409,0.0,0.0,0.0,0.04600364335750528,0.004738103811253784,0.0,0.0,0.0,0.97,0.0,0.0,0.0,0.0,0.020000000000000018,0.01,0.002447422269827543,0.0,0.9825964568816246,0.0,0.014860116798531784,9.600405001610135e-05,0.0,0.0,0.029809494877594756,0.0,0.0003750000000000001,0.961498772591561,0.0011666666666666668,9.866666666666669e-05,0.0007968536847119774,0.006254545512798978,0.03481173413729235,0.0,0.0,0.00011390565189154152,0.9599224404728933,0.004754828592513815,7.998934024830585e-06,0.0003890922113841149,0.0016824665563193537,0.0,0.0,7.683726886863199e-05,0.004931821380541252,0.9932416501157676,2.4003563249495187e-06,6.482432217829742e-05,0.0012024375000000012,0.0,0.0,0.00023750833766160654,0.007425260661631275,0.00010000351059436055,0.9910347899901127,0.0,0.011018082120889337,0.0,0.0,0.007030292240065258,0.00031260155215654794,8.752843460383344e-05,0.001233028089350625,0.9803184675629346,argentina
14,0.9486529392438995,0.0,0.0,0.0,0.04659912757569735,0.004747933180403058,0.0,0.0,0.0,0.97,0.0,0.0,0.0,0.0,0.020000000000000018,0.01,0.0024393358672772287,0.0,0.9819339176107211,0.0,0.015531105740165843,9.564078183574693e-05,0.0,0.0,0.029730473918150015,0.0,0.0003750000000000001,0.961562297372612,0.0011818181818181819,9.854545454545457e-05,0.0007969063316391436,0.006254958741235248,0.03541447386296713,0.0,0.0,0.00010872812226010782,0.9593652161841401,0.004732540282742344,7.635346114611012e-06,0.0003714062017757461,0.001678006563888755,0.0,0.0,7.683761213981182e-05,0.004931843413496989,0.9932460874316444,2.400367048562679e-06,6.482461178153141e-05,0.001199250000000001,0.0,0.0,0.00023750909563084347,0.0074252843581432085,0.00010000382973930241,0.9910379527164866,0.0,0.010988874667894619,0.0,0.0,0.007030499864619791,0.0003126107841707796,8.75310195678183e-05,0.0012330645041821904,0.980347419159565,argentina
15,0.9480476256565582,0.0,0.0,0.0,0.04719461179388941,0.004757762549552332,0.0,0.0,0.0,0.97,0.0,0.0,0.0,0.0,0.020000000000000018,0.01,0.0024312494647269144,0.0,0.9812713783398177,0.0,0.0162020946817999,9.527751365539251e-05,0.0,0.0,0.029651452958705277,0.0,0.0003750000000000001,0.961625822153663,0.001196969696969697,9.842424242424244e-05,0.0007969589785663098,0.006255371969671519,0.03601721358864192,0.0,0.0,0.00010355059262867412,0.9588079918953868,0.004710251972970872,7.27175820439144e-06,0.00035372019216737725,0.0016735465714581563,0.0,0.0,7.683795541099164e-05,0.004931865446452727,0.9932505247475212,2.40037777217584e-06,6.48249013847654e-05,0.0011960625000000012,0.0,0.0,0.0002375098536000804,0.007425308054655142,0.00010000414888424428,0.9910411154428606,0.0,0.010959667214899903,0.0,0.0,0.007030707489174324,0.00031262001618501123,8.753360453180315e-05,0.0012331009190137557,0.9803763707561953,argentina
16,0.9474423120692168,0.0,0.0,0.0,0.04779009601208148,0.004767591918701605,0.0,0.0,0.0,0.97,0.0,0.0,0.0,0.0,0.020000000000000018,0.01,0.0024231630621766,0.0,0.9806088390689144,0.0,0.01687308362343396,9.491424547503809e-05,0.0,0.0,0.02957243199926054,0.0,0.0003750000000000001,0.9616893469347141,0.0012121212121212121,9.830303030303033e-05,0.000797011625493476,0.0062557851981077895,0.03661995331431671,0.0,0.0,9.83730629972404e-05,0.9582507676066335,0.004687963663199401,6.908170294171868e-06,0.00033603418255900836,0.0016690865790275579,0.0,0.0,7.683829868217146e-05,0.0049318874794084646,0.993254962063398,2.4003884957890004e-06,6.482519098799939e-05,0.0011928750000000012,0.0,0.0,0.00023751061156931732,0.007425331751167076,0.00010000446802918614,0.9910442781692345,0.0,0.010930459761905187,0.0,0.0,0.007030915113728857,0.0003126292481992429,8.753618949578801e-05,0.0012331373338453212,0.9804053223528257,argentina
17,0.9468369984818755,0.0,0.0,0.0,0.04838558023027354,0.004777421287850879,0.0,0.0,0.0,0.97,0.0,0.0,0.0,0.0,0.020000000000000018,0.01,0.002415076659626286,0.0,0.979946299798011,0.0,0.01754407256506802,9.455097729468366e-05,0.0,0.0,0.0294934110398158,0.0,0.0003750000000000001,0.9617528717157651,0.0012272727272727275,9.818181818181821e-05,0.0007970642724206421,0.00625619842654406,0.0372226930399915,0.0,0.0,9.31955333658067e-05,0.9576935433178801,0.0046656753534279295,6.544582383952296e-06,0.00031834817295063947,0.0016646265865969592,0.0,0.0,7.683864195335127e-05,0.004931909512364201,0.9932593993792749,2.400399219402161e-06,6.482548059123338e-05,0.001189687500000001,0.0,0.0,0.00023751136953855425,0.007425355447679009,0.000100004787174128,0.9910474408956084,0.0,0.010901252308910469,0.0,0.0,0.00703112273828339,0.00031263848021347446,8.753877445977287e-05,0.0012331737486768867,0.9804342739494561,argentina
18,0.9462316848945341,0.0,0.0,0.0,0.0489810644484656,0.004787250657000153,0.0,0.0,0.0,0.97,0.0,0.0,0.0,0.0,0.020000000000000018,0.01,0.0024069902570759715,0.0,0.9792837605271075,0.0,0.01821506150670208,9.418770911432924e-05,0.0,0.0,0.029414390080371063,0.0,0.0003750000000000001,0.961816396496816,0.0012424242424242426,9.806060606060609e-05,0.0007971169193478083,0.006256611654980331,0.037825432765666286,0.0,0.0,8.8018003734373e-05,0.9571363190291269,0.004643387043656458,6.1809944737327245e-06,0.00030066216334227063,0.0016601665941663605,0.0,0.0,7.68389852245311e-05,0.004931931545319939,0.9932638366951517,2.4004099430153212e-06,6.482577019446737e-05,0.0011865000000000011,0.0,0.0,0.0002375121275077912,0.007425379144190942,0.00010000510631906987,0.9910506036219823,0.0,0.010872044855915752,0.0,0.0,0.007031330362837923,0.0003126477122277061,8.754135942375772e-05,0.0012332101635084522,0.9804632255460866,argentina
19,0.9456263713071928,0.0,0.0,0.0,0.04957654866665767,0.004797080026149426,0.0,0.0,0.0,0.97,0.0,0.0,0.0,0.0,0.020000000000000018,0.01,0.0023989038545256577,0.0,0.9786212212562042,0.0,0.01888605044833614,9.382444093397481e-05,0.0,0.0,0.02933536912092632,0.0,0.00037500000000000017,0.961879921277867,0.0012575757575757577,9.793939393939396e-05,0.0007971695662749746,0.006257024883416601,0.03842817249134107,0.0,0.0,8.28404741029393e-05,0.9565790947403736,0.004621098733884986,5.817406563513153e-06,0.0002829761537339018,0.001655706601735762,0.0,0.0,7.683932849571093e-05,0.004931953578275677,0.9932682740110286,2.400420666628482e-06,6.482605979770136e-05,0.0011833125000000012,0.0,0.0,0.00023751288547702813,0.0074254028407028765,0.00010000542546401173,0.9910537663483561,0.0,0.010842837402921036,0.0,0.0,0.007031537987392456,0.00031265694424193775,8.754394438774258e-05,0.0012332465783400177,0.980492177142717,argentina
20,0.9450210577198515,0.0,0.0,0.0,0.050172032884849734,0.0048069093952987,0.0,0.0,0.0,0.97,0.0,0.0,0.0,0.0,0.020000000000000018,0.01,0.0023908174519753434,0.0,0.9779586819853008,0.0,0.0195570393899702,9.346117275362039e-05,0.0,0.0,0.029256348161481583,0.0,0.00037500000000000017,0.961943446058918,0.0012727272727272728,9.781818181818184e-05,0.0007972222132021408,0.006257438111852872,0.03903091221701586,0.0,0.0,7.766294447150559e-05,0.9560218704516203,0.004598810424113515,5.453818653293581e-06,0.0002652901441255329,0.0016512466093051633,0.0,0.0,7.683967176689074e-05,0.004931975611231414,0.9932727113269054,2.4004313902416425e-06,6.482634940093534e-05,0.0011801250000000013,0.0,0.0,0.00023751364344626506,0.00742542653721481,0.0001000057446089536,0.99105692907473,0.0,0.01081362994992632,0.0,0.0,0.007031745611946989,0.0003126661762561694,8.754652935172743e-05,0.0012332829931715832,0.9805211287393474,argentina
21,0.9444157441325102,0.0,0.0,0.0,0.050767517103041795,0.004816738764447974,0.0,0.0,0.0,0.97,0.0,0.0,0.0,0.0,0.020000000000000018,0.01,0.002382731049425029,0.0,0.9772961427143974,0.0,0.02022802833160426,9.309790457326596e-05,0.0,0.0,0.029177327202036845,0.0,0.00037500000000000017,0.962006970839969,0.001287878787878788,9.769696969696972e-05,0.000797274860129307,0.006257851340289142,0.03963365194269065,0.0,0.0,7.248541484007188e-05,0.955464646162867,0.004576522114342044,5.090230743074009e-06,0.000247604134517164,0.0016467866168745646,0.0,0.0,7.684001503807056e-05,0.004931997644187151,0.9932771486427823,2.400442113854803e-06,6.482663900416934e-05,0.0011769375000000011,0.0,0.0,0.000237514401415502,0.007425450233726743,0.00010000606375389546,0.9910600918011039,0.0,0.010784422496931602,0.0,0.0,0.007031953236501522,0.000312675408270401,8.754911431571229e-05,0.0012333194080031487,0.9805500803359778,argentina
22,0.9438104305451688,0.0,0.0,0.0,0.051363001321233864,0.004826568133597247,0.0,0.0,0.0,0.97,0.0,0.0,0.0,0.0,0.020000000000000018,0.01,0.002374644646874715,0.0,0.976633603443494,0.0,0.02089901727323832,9.273463639291154e-05,0.0,0.0,0.029098306242592107,0.0,0.00037500000000000017,0.9620704956210201,0.0013030303030303033,9.75757575757576e-05,0.0007973275070564732,0.006258264568725413,0.04023639166836543,0.0,0.0,6.730788520863817e-05,0.9549074218741137,0.004554233804570573,4.726642832854437e-06,0.00022991812490879518,0.001642326624443966,0.0,0.0,7.684035830925038e-05,0.004932019677142889,0.9932815859586591,2.4004528374679633e-06,6.482692860740333e-05,0.0011737500000000012,0.0,0.0,0.0002375151593847389,0.007425473930238677,0.00010000638289883733,0.9910632545274778,0.0,0.010755215043936886,0.0,0.0,0.0070321608610560546,0.00031268464028463264,8.755169927969715e-05,0.0012333558228347142,0.9805790319326082,argentina
23,0.9432051169578275,0.0,0.0,0.0,0.051958485539425926,0.004836397502746521,0.0,0.0,0.0,0.97,0.0,0.0,0.0,0.0,0.020000000000000018,0.01,0.0023665582443244005,0.0,0.9759710641725906,0.0,0.02157000621487238,9.237136821255712e-05,0.0,0.0,0.02901928528314737,0.0,0.00037500000000000017,0.9621340204020711,0.0013181818181818184,9.745454545454548e-05,0.0007973801539836394,0.006258677797161684,0.04083913139404022,0.0,0.0,6.213035557720447e-05,0.9543501975853604,0.004531945494799101,4.363054922634864e-06,0.00021223211530042635,0.0016378666320133674,0.0,0.0,7.68407015804302e-05,0.0049320417100986265,0.9932860232745359,2.400463561081124e-06,6.482721821063731e-05,0.0011705625000000012,0.0,0.0,0.00023751591735397584,0.00742549762675061,0.0001000067020437792,0.9910664172538517,0.0,0.01072600759094217,0.0,0.0,0.007032368485610588,0.0003126938722988643,8.7554284243682e-05,0.0012333922376662795,0.9806079835292385,argentina
24,0.9425998033704861,0.0,0.0,0.0,0.05255396975761799,0.004846226871895795,0.0,0.0,0.0,0.97,0.0,0.0,0.0,0.0,0.020000000000000018,0.01,0.002358471841774086,0.0,0.9753085249016872,0.0,0.022240995156506436,9.20081000322027e-05,0.0,0.0,0.028940264323702627,0.0,0.00037500000000000017,0.9621975451831221,0.0013333333333333335,9.733333333333336e-05,0.0007974328009108056,0.006259091025597954,0.04144187111971501,0.0,0.0,5.695282594577077e-05,0.9537929732966072,0.00450965718502763,3.999467012415293e-06,0.00019454610569205746,0.0016334066395827687,0.0,0.0,7.684104485161003e-05,0.004932063743054364,0.9932904605904127,2.4004742846942846e-06,6.482750781387131e-05,0.001167375000000001,0.0,0.0,0.00023751667532321278,0.0074255213232625435,0.00010000702118872106,0.9910695799802256,0.0,0.010696800137947451,0.0,0.0,0.0070325761101651205,0.0003127031043130959,8.755686920766686e-05,0.001233428652497845,0.9806369351258689,argentina
25,0.9419944897831448,0.0,0.0,0.0,0.05314945397581006,0.004856056241045068,0.0,0.0,0.0,0.97,0.0,0.0,0.0,0.0,0.020000000000000018,0.01,0.002350385439223772,0.0,0.9746459856307839,0.0,0.022911984098140496,9.164483185184827e-05,0.0,0.0,0.02886124336425789,0.0,0.00037500000000000017,0.962261069964173,0.0013484848484848486,9.721212121212124e-05,0.0007974854478379718,0.006259504254034225,0.042044610845389796,0.0,0.0,5.1775296314337065e-05,0.9532357490078538,0.004487368875256159,3.6358791021957205e-06,0.00017686009608368857,0.0016289466471521702,0.0,0.0,7.684138812278985e-05,0.004932085776010101,0.9932948979062896,2.400485008307445e-06,6.48277974171053e-05,0.0011641875000000012,0.0,0.0,0.0002375174332924497,0.007425545019774478,0.00010000734033366292,0.9910727427065995,0.0,0.010667592684952735,0.0,0.0,0.007032783734719653,0.0003127123363273275,8.755945417165172e-05,0.0012334650673294105,0.9806658867224993,argentina
26,0.9413891761958034,0.0,0.0,0.0,0.053744938194002126,0.004865885610194342,0.0,0.0,0.0,0.97,0.0,0.0,0.0,0.0,0.020000000000000018,0.01,0.0023422990366734576,0.0,0.9739834463598804,0.0,0.023582973039774555,9.128156367149385e-05,0.0,0.0,0.02878222240481315,0.0,0.00037500000000000017,0.962324594745224,0.0013636363636363637,9.709090909090911e-05,0.000797538094765138,0.006259917482470495,0.042647350571064585,0.0,0.0,4.659776668290336e-05,0.9526785247191005,0.004465080565484687,3.2722911919761478e-06,0.00015917408647531973,0.0016244866547215715,0.0,0.0,7.684173139396967e-05,0.004932107808965839,0.9932993352221664,2.400495731920606e-06,6.482808702033928e-05,0.0011610000000000012,0.0,0.0,0.00023751819126168665,0.007425568716286411,0.00010000765947860479,0.9910759054329733,0.0,0.010638385231958019,0.0,0.0,0.0070329913592741865,0.00031272156834155916,8.756203913563657e-05,0.001233501482160976,0.9806948383191297,argentina
27,0.9407838626084621,0.0,0.0,0.0,0.05434042241219419,0.0048757149793436155,0.0,0.0,0.0,0.97,0.0,0.0,0.0,0.0,0.020000000000000018,0.01,0.0023342126341231433,0.0,0.973320907088977,0.0,0.024253961981408615,9.091829549113942e-05,0.0,0.0,0.028703201445368413,0.0,0.00037500000000000017,0.9623881195262751,0.001378787878787879,9.6969696969697e-05,0.0007975907416923042,0.006260330710906766,0.043250090296739374,0.0,0.0,4.142023705146965e-05,0.9521213004303473,0.0044427922557132155,2.9087032817565767e-06,0.0001414880768669509,0.0016200266622909728,0.0,0.0,7.684207466514949e-05,0.004932129841921576,0.9933037725380433,2.4005064555337662e-06,6.482837662357328e-05,0.001157812500000001,0.0,0.0,0.00023751894923092356,0.007425592412798344,0.00010000797862354667,0.9910790681593472,0.0,0.010609177778963301,0.0,0.0,0.007033198983828719,0.0003127308003557908,8.756462409962143e-05,0.0012335378969925415,0.9807237899157601,argentina
28,0.9401785490211207,0.0,0.0,0.0,0.05493590663038625,0.0048855443484928885,0.0,0.0,0.0,0.97,0.0,0.0,0.0,0.0,0.020000000000000018,0.01,0.002326126231572829,0.0,0.9726583678180737,0.0,0.024924950923042675,9.0555027310785e-05,0.0,0.0,0.028624180485923675,0.0,0.00037500000000000017,0.9624516443073261,0.0013939393939393942,9.684848484848488e-05,0.0007976433886194704,0.0062607439393430366,0.04385283002241416,0.0,0.0,3.624270742003596e-05,0.951564076141594,0.004420503945941744,2.545115371537004e-06,0.000123802067258582,0.0016155666698603743,0.0,0.0,7.684241793632932e-05,0.004932151874877314,0.9933082098539201,2.4005171791469266e-06,6.482866622680727e-05,0.0011546250000000011,0.0,0.0,0.0002375197072001605,0.007425616109310278,0.00010000829776848853,0.9910822308857211,0.0,0.010579970325968585,0.0,0.0,0.0070334066083832525,0.00031274003237002245,8.75672090636063e-05,0.001233574311824107,0.9807527415123906,argentina
29,0.9395732354337795,0.0,0.0,0.0,0.05553139084857832,0.0048953737176421624,0.0,0.0,0.0,0.97,0.0,0.0,0.0,0.0,0.020000000000000018,0.01,0.0023180398290225147,0.0,0.9719958285471703,0.0,0.025595939864676735,9.019175913043057e-05,0.0,0.0,0.028545159526478934,0.0,0.00037500000000000017,0.9625151690883771,0.0014090909090909093,9.672727272727276e-05,0.0007976960355466366,0.006261157167779307,0.044455569748088945,0.0,0.0,3.106517778860224e-05,0.9510068518528406,0.004398215636170273,2.181527461317433e-06,0.00010611605765021312,0.0016111066774297756,0.0,0.0,7.684276120750914e-05,0.004932173907833051,0.993312647169797,2.400527902760087e-06,6.482895583004125e-05,0.0011514375000000012,0.0,0.0,0.00023752046516939743,0.007425639805822211,0.0001000086169134304,0.991085393612095,0.0,0.010550762872973869,0.0,0.0,0.007033614232937785,0.00031274926438425404,8.756979402759114e-05,0.0012336107266556725,0.980781693109021,argentina
30,0.9389679218464381,0.0,0.0,0.0,0.05612687506677038,0.004905203086791436,0.0,0.0,0.0,0.97,0.0,0.0,0.0,0.0,0.020000000000000018,0.01,0.0023099534264722004,0.0,0.9713332892762668,0.0,0.02626692880631079,8.982849095007615e-05,0.0,0.0,0.028466138567034196,0.0,0.00037500000000000017,0.9625786938694281,0.0014242424242424244,9.660606060606063e-05,0.0007977486824738028,0.006261570396215578,0.045058309473763734,0.0,0.0,2.5887648157168526e-05,0.9504496275640874,0.004375927326398801,1.8179395510978603e-06,8.843004804184428e-05,0.001606646684999177,0.0,0.0,7.684310447868896e-05,0.004932195940788788,0.9933170844856738,2.400538626373248e-06,6.482924543327524e-05,0.0011482500000000013,0.0,0.0,0.00023752122313863437,0.007425663502334145,0.00010000893605837226,0.9910885563384689,0.0,0.01052155541997915,0.0,0.0,0.0070338218574923185,0.0003127584963984857,8.7572378991576e-05,0.001233647141487238,0.9808106447056514,argentina
31,0.9383626082590968,0.0,0.0,0.0,0.05672235928496244,0.004915032455940709,0.0,0.0,0.0,0.97,0.0,0.0,0.0,0.0,0.020000000000000018,0.01,0.0023018670239218866,0.0,0.9706707500053635,0.0,0.02693791774794485,8.946522276972172e-05,0.0,0.0,0.028387117607589458,0.0,0.00037500000000000017,0.962642218650479,0.0014393939393939396,9.648484848484851e-05,0.000797801329400969,0.006261983624651848,0.045661049199438516,0.0,0.0,2.0710118525734837e-05,0.9498924032753341,0.00435363901662733,1.4543516408782892e-06,7.074403843347545e-05,0.0016021866925685785,0.0,0.0,7.684344774986878e-05,0.004932217973744526,0.9933215218015505,2.4005493499864083e-06,6.482953503650924e-05,0.0011450625000000011,0.0,0.0,0.0002375219811078713,0.007425687198846079,0.00010000925520331413,0.9910917190648428,0.0,0.010492347966984434,0.0,0.0,0.007034029482046851,0.00031276772841271733,8.757496395556085e-05,0.0012336835563188033,0.9808395963022817,argentina
32,0.9377572946717554,0.0,0.0,0.0,0.05731784350315451,0.004924861825089983,0.0,0.0,0.0,0.97,0.0,0.0,0.0,0.0,0.020000000000000018,0.01,0.0022937806213715723,0.0,0.9700082107344601,0.0,0.02760890668957891,8.910195458936731e-05,0.0,0.0,0.02830809664814472,0.0,0.00037500000000000017,0.96270574343153,0.0014545454545454549,9.636363636363639e-05,0.0007978539763281352,0.006262396853088119,0.046263788925113306,0.0,0.0,1.553258889430112e-05,0.9493351789865808,0.004331350706855859,1.0907637306587165e-06,5.3058028825106506e-05,0.0015977267001379798,0.0,0.0,7.68437910210486e-05,0.004932240006700264,0.9933259591174274,2.4005600735995687e-06,6.482982463974322e-05,0.0011418750000000012,0.0,0.0,0.00023752273907710824,0.007425710895358012,0.00010000957434825599,0.9910948817912166,0.0,0.010463140513989718,0.0,0.0,0.0070342371066013844,0.000312776960426949,8.757754891954571e-05,0.0012337199711503688,0.9808685478989121,argentina
33,0.9371519810844141,0.0,0.0,0.0,0.05791332772134657,0.004934691194239257,0.0,0.0,0.0,0.97,0.0,0.0,0.0,0.0,0.020000000000000018,0.01,0.002285694218821258,0.0,0.9693456714635567,0.0,0.02827989563121297,8.873868640901288e-05,0.0,0.0,0.02822907568869998,0.0,0.00037500000000000017,0.9627692682125811,0.0014696969696969698,9.624242424242428e-05,0.0007979066232553013,0.006262810081524389,0.046866528650788095,0.0,0.0,1.0355059262867432e-05,0.9487779546978274,0.004309062397084387,7.271758204391455e-07,3.537201921673767e-05,0.001593266707707381,0.0,0.0,7.684413429222843e-05,0.0049322620396560005,0.9933303964333042,2.400570797212729e-06,6.483011424297721e-05,0.0011386875000000012,0.0,0.0,0.00023752349704634515,0.007425734591869945,0.00010000989349319786,0.9910980445175905,0.0,0.010433933060995002,0.0,0.0,0.007034444731155917,0.00031278619244118057,8.758013388353058e-05,0.0012337563859819343,0.9808974994955425,argentina
34,0.9365466674970728,0.0,0.0,0.0,0.058508811939538635,0.00494452056338853,0.0,0.0,0.0,0.97,0.0,0.0,0.0,0.0,0.020000000000000018,0.01,0.0022776078162709437,0.0,0.9686831321926533,0.0,0.02895088457284703,8.837541822865846e-05,0.0,0.0,0.02815005472925524,0.0,0.00037500000000000017,0.9628327929936321,0.0014848484848484851,9.612121212121215e-05,0.0007979592701824675,0.0062632233099606605,0.047469268376462884,0.0,0.0,5.177529631433716e-06,0.9482207304090742,0.004286774087312916,3.6358791021957273e-07,1.7686009608368835e-05,0.0015888067152767826,0.0,0.0,7.684447756340825e-05,0.004932284072611738,0.9933348337491811,2.40058152082589e-06,6.483040384621121e-05,0.001135500000000001,0.0,0.0,0.00023752425501558208,0.007425758288381879,0.00010001021263813972,0.9911012072439644,0.0,0.010404725608000284,0.0,0.0,0.00703465235571045,0.0003127954244554122,8.758271884751542e-05,0.0012337928008134998,0.9809264510921729,argentina
35,0.9359413539097314,0.0,0.0,0.0,0.059104296157730704,0.004954349932537804,0.0,0.0,0.0,0.97,0.0,0.0,0.0,0.0,0.020000000000000018,0.01,0.0022695214137206294,0.0,0.9680205929217499,0.0,0.02962187351448109,8.801215004830403e-05,0.0,0.0,0.028071033769810502,0.0,0.00037500000000000017,0.9628963177746831,0.0015000000000000002,9.600000000000003e-05,0.0007980119171096337,0.006263636538396931,0.04807200810213767,0.0,0.0,0.0,0.9476635061203209,0.004264485777541445,0.0,0.0,0.0015843467228461839,0.0,0.0,7.684482083458807e-05,0.004932306105567476,0.9933392710650579,2.4005922444390504e-06,6.483069344944519e-05,0.0011323125000000012,0.0,0.0,0.00023752501298481902,0.0074257819848938126,0.00010001053178308159,0.9911043699703384,0.0,0.010375518155005568,0.0,0.0,0.007034859980264983,0.00031280465646964386,8.758530381150029e-05,0.0012338292156450653,0.9809554026888033,argentina
0,0.95,0.0,0.0,0.0,0.04499999999999922,0.005,0.0,0.0,0.0,0.97,0.0,0.0,0.0,0.030000000000000027,0.0,0.0,0.00075,0.0,0.9961678695624976,0.0,0.003,8.213043750249334e-05,0.0,0.0,0.03209771977676081,0.0,0.0005,0.95,0.001,0.0001,0.006302280223239219,0.009999999999999998,0.01580682474596021,0.0004923286923891738,0.0,0.0024330368779046075,0.9750589982393092,0.005000000000000001,0.0,0.001208811444436674,0.0,0.0,0.0,0.0,0.004785064523376132,0.995214935476624,0.0,0.0,0.0,0.0,0.0,0.0,0.00989999999999999,0.0001,0.99,0.0,0.0,0.0,0.0,0.019400000000000014,0.0005,0.0001,0.0,0.98,brazil
1,0.95,0.0,0.0,0.0,0.04447655130981989,0.005,0.0,0.0,0.0,0.97,0.0,0.0,0.0,0.030000000000000027,0.0,0.0,0.00075,0.0,0.99625,0.0,0.003,0.0,0.0,0.0,0.049400000000000034,0.0,0.0005,0.95,0.0,0.0001,0.0,0.0,0.01367651705259668,0.0004927184371493317,0.0,0.0018377326408568879,0.977822329473818,0.004834012977553227,0.0005776816075347251,0.0007590078104911854,0.0,0.0,0.0,0.0,0.0,0.998,0.0,0.0020000000000000057,0.01,0.0,0.0,0.0,0.0,0.0,0.99,0.0,0.01990000000000002,0.0,0.0,0.0,0.0,0.0001,0.0,0.98,brazil
2,0.95,0.00075,0.0,0.0,0.04220766265519288,0.005,0.0,0.0,0.0,0.97,0.0,0.0,0.0,0.030000000000000027,0.0,0.0,0.00075,0.0,0.99625,0.0,0.003,0.0,0.0,0.0,0.03840000000000004,0.0,0.0005,0.95,0.001,0.0001,0.0,0.01,0.010769361297598609,0.00019012758215639894,0.0,0.006665780268665115,0.975994963826886,0.005000000000000001,0.0,0.0013797670246939622,0.006288564168169835,0.0,0.0,0.0,0.0,0.9937114358318302,0.0,0.0,0.00990000000000001,0.0,0.0,0.0,0.0,0.0001,0.99,0.0,0.0,0.010100683666436171,0.0,0.0,0.0,0.0001,0.009799316333563846,0.98,brazil
3,0.9475605527979599,0.0026363351088749213,0.0,0.0,0.042822620488775505,0.005000043270031232,0.0,0.0,0.0,0.97,0.0,0.0,0.0,0.030000000000000027,0.0,0.0,0.0007478435035093355,0.0,0.9959034373147011,0.0,0.003346674452814054,2.0447289754525967e-06,0.0,0.0,0.03823166519685614,0.0,0.0005,0.9500780761384087,0.00101010101010101,9.987878787878788e-05,0.00018074106503978185,0.009899537801715574,0.01124105144544854,0.0001843661402728717,0.0,0.006463786927190415,0.9757926624285422,0.004980177155812496,0.0,0.001337955902733539,0.0061173754769252115,0.0,0.0,0.0,0.0001653994974147799,0.9937104906187003,0.0,6.734406959749978e-06,0.00966130808080809,0.0,0.0,0.0,0.00023337728421732516,9.966380703281185e-05,0.9900056508279418,0.0,0.00013054222705780923,0.009828625053472867,0.0,0.00023190987418618788,1.1789250099259458e-05,0.00010000121842379227,0.009685191823595955,0.9800119405531641,brazil
4,0.9451211055959198,0.004522670217749843,0.0,0.0,0.043437578322358124,0.0050000865400624634,0.0,0.0,0.0,0.97,0.0,0.0,0.0,0.030000000000000027,0.0,0.0,0.000745687007018671,0.0,0.9955568746294022,0.0,0.0036933489056281085,4.089457950905193e-06,0.0,0.0,0.03806333039371224,0.0,0.0005,0.9501561522768175,0.0010202020202020202,9.975757575757576e-05,0.0003614821300795637,0.00979907560343115,0.011712741593298472,0.00017860469838934447,0.0,0.006261793585715714,0.9755903610301985,0.004960354311624991,0.0,0.001296144780773116,0.005946186785680588,0.0,0.0,0.0,0.0003307989948295598,0.9937095454055703,0.0,1.3468813919499956e-05,0.00942261616161617,0.0,0.0,0.0,0.0004667545684346503,9.932761406562367e-05,0.9900113016558836,0.0,0.00026108445411561845,0.009556566440509564,0.0,0.00046381974837237576,2.3578500198518917e-05,0.00010000243684758452,0.009571067313628065,0.9800238811063283,brazil
5,0.9426816583938797,0.006409005326624763,0.0,0.0,0.04405253615594075,0.005000129810093695,0.0,0.0,0.0,0.97,0.0,0.0,0.0,0.030000000000000027,0.0,0.0,0.0007435305105280064,0.0,0.9952103119441035,0.0,0.0040400233584421625,6.13418692635779e-06,0.0,0.0,0.037894995590568345,0.0,0.0005,0.9502342284152262,0.0010303030303030303,9.963636363636365e-05,0.0005422231951193456,0.009698613405146723,0.012184431741148402,0.0001728432565058172,0.0,0.0060598002442410134,0.9753880596318547,0.004940531467437486,0.0,0.001254333658812693,0.005774998094435965,0.0,0.0,0.0,0.0004961984922443397,0.9937086001924404,0.0,2.0203220879249935e-05,0.00918392424242425,0.0,0.0,0.0,0.0007001318526519755,9.899142109843551e-05,0.9900169524838254,0.0,0.0003916266811734277,0.00928450782754626,0.0,0.0006957296225585637,3.536775029777838e-05,0.00010000365527137679,0.009456942803660174,0.9800358216594924,brazil
6,0.9402422111918397,0.008295340435499685,0.0,0.0,0.04466749398952337,0.005000173080124927,0.0,0.0,0.0,0.97,0.0,0.0,0.0,0.030000000000000027,0.0,0.0,0.0007413740140373419,0.0,0.9948637492588046,0.0,0.004386697811256217,8.178915901810387e-06,0.0,0.0,0.03772666078742444,0.0,0.0005,0.9503123045536349,0.0010404040404040403,9.951515151515152e-05,0.0007229642601591274,0.009598151206862297,0.012656121888998333,0.00016708181462228997,0.0,0.005857806902766313,0.975185758233511,0.004920708623249981,0.0,0.0012125225368522698,0.005603809403191342,0.0,0.0,0.0,0.0006615979896591196,0.9937076549793106,0.0,2.6937627838999912e-05,0.008945232323232332,0.0,0.0,0.0,0.0009335091368693006,9.865522813124736e-05,0.9900226033117672,0.0,0.0005221689082312369,0.009012449214582954,0.0,0.0009276394967447515,4.715700039703783e-05,0.00010000487369516904,0.009342818293692283,0.9800477622126565,brazil
7,0.9378027639897996,0.010181675544374607,0.0,0.0,0.045282451823105994,0.0050002163501561584,0.0,0.0,0.0,0.97,0.0,0.0,0.0,0.030000000000000027,0.0,0.0,0.0007392175175466774,0.0,0.9945171865735057,0.0,0.0047333722640702704,1.0223644877262982e-05,0.0,0.0,0.03755832598428054,0.0,0.0005,0.9503903806920437,0.0010505050505050506,9.93939393939394e-05,0.0009037053251989092,0.009497689008577873,0.013127812036848265,0.00016132037273876274,0.0,0.005655813561291613,0.9749834568351672,0.004900885779062476,0.0,0.0011707114148918466,0.005432620711946719,0.0,0.0,0.0,0.0008269974870738995,0.9937067097661807,0.0,3.367203479874989e-05,0.008706540404040413,0.0,0.0,0.0,0.0011668864210866259,9.831903516405918e-05,0.990028254139709,0.0,0.0006527111352890461,0.00874039060161965,0.0,0.0011595493709309393,5.894625049629729e-05,0.00010000609211896131,0.009228693783724394,0.9800597027658207,brazil
8,0.9353633167877595,0.012068010653249528,0.0,0.0,0.04589740965668862,0.00500025962018739,0.0,0.0,0.0,0.97,0.0,0.0,0.0,0.030000000000000027,0.0,0.0,0.0007370610210560128,0.0,0.9941706238882069,0.0,0.005080046716884325,1.226837385271558e-05,0.0,0.0,0.037389991181136645,0.0,0.0005,0.9504684568304524,0.0010606060606060607,9.927272727272728e-05,0.0010844463902386912,0.009397226810293447,0.013599502184698195,0.00015555893085523548,0.0,0.005453820219816912,0.9747811554368233,0.004881062934874971,0.0,0.0011289002929314236,0.0052614320207020945,0.0,0.0,0.0,0.0009923969844886794,0.9937057645530507,0.0,4.040644175849987e-05,0.008467848484848493,0.0,0.0,0.0,0.001400263705303951,9.798284219687102e-05,0.9900339049676506,0.0,0.0007832533623468554,0.008468331988656347,0.0,0.0013914592451171274,7.073550059555675e-05,0.00010000731054275356,0.009114569273756503,0.9800716433189849,brazil
9,0.9329238695857195,0.01395434576212445,0.0,0.0,0.04651236749027124,0.005000302890218622,0.0,0.0,0.0,0.97,0.0,0.0,0.0,0.030000000000000027,0.0,0.0,0.0007349045245653483,0.0,0.9938240612029081,0.0,0.005426721169698379,1.4313102828168177e-05,0.0,0.0,0.03722165637799275,0.0,0.0005,0.9505465329688612,0.0010707070707070708,9.915151515151515e-05,0.001265187455278473,0.00929676461200902,0.014071192332548128,0.00014979748897170825,0.0,0.005251826878342212,0.9745788540384795,0.004861240090687466,0.0,0.0010870891709710007,0.005090243329457471,0.0,0.0,0.0,0.0011577964819034594,0.9937048193399208,0.0,4.714084871824985e-05,0.008229156565656573,0.0,0.0,0.0,0.0016336409895212761,9.764664922968287e-05,0.9900395557955924,0.0,0.0009137955894046646,0.008196273375693043,0.0,0.0016233691193033152,8.25247506948162e-05,0.00010000852896654583,0.009000444763788614,0.980083583872149,brazil
10,0.9304844223836793,0.01584068087099937,0.0,0.0,0.047127325323853865,0.0050003461602498534,0.0,0.0,0.0,0.97,0.0,0.0,0.0,0.030000000000000027,0.0,0.0,0.0007327480280746837,0.0,0.9934774985176092,0.0,0.005773395622512433,1.6357831803620773e-05,0.0,0.0,0.03705332157484885,0.0,0.0005,0.9506246091072699,0.0010808080808080809,9.903030303030305e-05,0.0014459285203182548,0.009196302413724596,0.014542882480398058,0.000144036047088181,0.0,0.0050498335368675115,0.9743765526401358,0.004841417246499962,0.0,0.0010452780490105775,0.004919054638212848,0.0,0.0,0.0,0.0013231959793182392,0.993703874126791,0.0,5.3875255677999824e-05,0.007990464646464654,0.0,0.0,0.0,0.0018670182737386013,9.731045626249469e-05,0.9900452066235342,0.0,0.0010443378164624738,0.00792421476272974,0.0,0.001855278993489503,9.431400079407567e-05,0.00010000974739033808,0.008886320253820723,0.9800955244253131,brazil
11,0.9280449751816393,0.01772701597987429,0.0,0.0,0.04774228315743649,0.005000389430281085,0.0,0.0,0.0,0.97,0.0,0.0,0.0,0.030000000000000027,0.0,0.0,0.0007305915315840193,0.0,0.9931309358323104,0.0,0.006120070075326487,1.840256077907337e-05,0.0,0.0,0.03688498677170495,0.0,0.0005,0.9507026852456787,0.001090909090909091,9.890909090909092e-05,0.0016266695853580366,0.00909584021544017,0.015014572628247989,0.00013827460520465378,0.0,0.00484784019539281,0.974174251241792,0.004821594402312456,0.0,0.0010034669270501543,0.004747865946968225,0.0,0.0,0.0,0.001488595476733019,0.9937029289136611,0.0,6.06096626377498e-05,0.007751772727272735,0.0,0.0,0.0,0.0021003955579559264,9.697426329530653e-05,0.990050857451476,0.0,0.001174880043520283,0.007652156149766436,0.0,0.002087188867675691,0.00010610325089333513,0.00010001096581413034,0.008772195743852832,0.9801074649784772,brazil
12,0.9256055279795993,0.019613351088749214,0.0,0.0,0.04835724099101911,0.005000432700312317,0.0,0.0,0.0,0.97,0.0,0.0,0.0,0.030000000000000027,0.0,0.0,0.0007284350350933547,0.0,0.9927843731470115,0.0,0.006466744528140542,2.0447289754525965e-05,0.0,0.0,0.03671665196856105,0.0,0.0005,0.9507807613840874,0.001101010101010101,9.87878787878788e-05,0.0018074106503978185,0.008995378017155744,0.01548626277609792,0.00013251316332112654,0.0,0.00464584685391811,0.9739719498434483,0.0048017715581249515,0.0,0.0009616558050897313,0.0045766772557236015,0.0,0.0,0.0,0.001653994974147799,0.9937019837005311,0.0,6.734406959749979e-05,0.007513080808080815,0.0,0.0,0.0,0.0023337728421732517,9.663807032811838e-05,0.9900565082794178,0.0,0.0013054222705780921,0.007380097536803132,0.0,0.0023190987418618787,0.00011789250099259458,0.0001000121842379226,0.008658071233884942,0.9801194055316415,brazil
13,0.9231660807775591,0.021499686197624136,0.0,0.0,0.048972198824601736,0.0050004759703435485,0.0,0.0,0.0,0.97,0.0,0.0,0.0,0.030000000000000027,0.0,0.0,0.0007262785386026901,0.0,0.9924378104617128,0.0,0.006813418980954595,2.2492018729978564e-05,0.0,0.0,0.03654831716541715,0.0,0.0005,0.9508588375224961,0.0011111111111111111,9.866666666666668e-05,0.0019881517154376003,0.00889491581887132,0.015957952923947853,0.00012675172143759928,0.0,0.00444385351244341,0.9737696484451045,0.004781948713937447,0.0,0.0009198446831293082,0.004405488564478978,0.0,0.0,0.0,0.001819394471562579,0.9937010384874012,0.0,7.407847655724976e-05,0.007274388888888896,0.0,0.0,0.0,0.0025671501263905766,9.63018773609302e-05,0.9900621591073596,0.0,0.0014359644976359015,0.007108038923839827,0.0,0.0025510086160480667,0.00012968175109185403,0.00010001340266171486,0.008543946723917051,0.9801313460848056,brazil
14,0.9207266335755191,0.023386021306499055,0.0,0.0,0.049587156658184355,0.00500051924037478,0.0,0.0,0.0,0.97,0.0,0.0,0.0,0.030000000000000027,0.0,0.0,0.0007241220421120257,0.0,0.9920912477764139,0.0,0.00716009343376865,2.453674770543116e-05,0.0,0.0,0.03637998236227325,0.0,0.0005,0.9509369136609049,0.0011212121212121214,9.854545454545457e-05,0.0021688927804773823,0.008794453620586893,0.016429643071797784,0.00012099027955407205,0.0,0.00424186017096871,0.9735673470467607,0.004762125869749941,0.0,0.0008780335611688851,0.004234299873234355,0.0,0.0,0.0,0.0019847939689773587,0.9937000932742713,0.0,8.081288351699974e-05,0.0070356969696969765,0.0,0.0,0.0,0.002800527410607902,9.596568439374204e-05,0.9900678099353014,0.0,0.0015665067246937107,0.0068359803108765235,0.0,0.0027829184902342548,0.0001414710011911135,0.00010001462108550712,0.00842982221394916,0.9801432866379697,brazil
15,0.9182871863734791,0.025272356415373978,0.0,0.0,0.05020211449176698,0.005000562510406012,0.0,0.0,0.0,0.97,0.0,0.0,0.0,0.030000000000000027,0.0,0.0,0.0007219655456213611,0.0,0.991744685091115,0.0,0.007506767886582704,2.6581476680883756e-05,0.0,0.0,0.036211647559129354,0.0,0.0005,0.9510149897993136,0.0011313131313131315,9.842424242424244e-05,0.002349633845517164,0.008693991422302467,0.016901333219647714,0.00011522883767054481,0.0,0.0040398668294940095,0.973365045648417,0.0047423030255624365,0.0,0.000836222439208462,0.004063111181989732,0.0,0.0,0.0,0.0021501934663921388,0.9936991480611413,0.0,8.754729047674972e-05,0.006797005050505057,0.0,0.0,0.0,0.003033904694825227,9.562949142655388e-05,0.9900734607632432,0.0,0.0016970489517515199,0.00656392169791322,0.0,0.0030148283644204424,0.00015326025129037296,0.00010001583950929938,0.008315697703981271,0.9801552271911339,brazil
16,0.9158477391714389,0.0271586915242489,0.0,0.0,0.0508170723253496,0.0050006057804372435,0.0,0.0,0.0,0.97,0.0,0.0,0.0,0.030000000000000027,0.0,0.0,0.0007198090491306965,0.0,0.9913981224058162,0.0,0.00785344233939676,2.8626205656336355e-05,0.0,0.0,0.036043312755985456,0.0,0.0005,0.9510930659377224,0.0011414141414141416,9.830303030303032e-05,0.002530374910556946,0.008593529224018043,0.017373023367497645,0.00010946739578701757,0.0,0.0038378734880193085,0.9731627442500732,0.004722480181374932,0.0,0.0007944113172480389,0.0038919224907451085,0.0,0.0,0.0,0.002315592963806919,0.9936982028480115,0.0,9.42816974364997e-05,0.006558313131313137,0.0,0.0,0.0,0.0032672819790425522,9.529329845936571e-05,0.990079111591185,0.0,0.0018275911788093293,0.006291863084949915,0.0,0.0032467382386066304,0.0001650495013896324,0.00010001705793309163,0.00820157319401338,0.980167167744298,brazil
17,0.9134082919693989,0.02904502663312382,0.0,0.0,0.051432030158932225,0.005000649050468475,0.0,0.0,0.0,0.97,0.0,0.0,0.0,0.030000000000000027,0.0,0.0,0.0007176525526400321,0.0,0.9910515597205174,0.0,0.008200116792210811,3.067093463178895e-05,0.0,0.0,0.03587497795284156,0.0,0.0005,0.9511711420761312,0.0011515151515151516,9.81818181818182e-05,0.0027111159755967276,0.008493067025733617,0.017844713515347575,0.00010370595390349032,0.0,0.0036358801465446082,0.9729604428517294,0.004702657337187426,0.0,0.0007526001952876158,0.0037207337995004853,0.0,0.0,0.0,0.0024809924612216984,0.9936972576348816,0.0,0.00010101610439624967,0.006319621212121217,0.0,0.0,0.0,0.003500659263259877,9.495710549217755e-05,0.9900847624191268,0.0,0.0019581334058671384,0.006019804471986611,0.0,0.003478648112792818,0.00017683875148889188,0.0001000182763568839,0.008087448684045491,0.9801791082974621,brazil
18,0.9109688447673588,0.03093136174199874,0.0,0.0,0.05204698799251485,0.005000692320499707,0.0,0.0,0.0,0.97,0.0,0.0,0.0,0.030000000000000027,0.0,0.0,0.0007154960561493675,0.0,0.9907049970352185,0.0,0.008546791245024866,3.2715663607241547e-05,0.0,0.0,0.03570664314969766,0.0,0.0005,0.9512492182145399,0.0011616161616161617,9.806060606060607e-05,0.0028918570406365096,0.00839260482744919,0.018316403663197506,9.794451201996309e-05,0.0,0.0034338868050699076,0.9727581414533857,0.004682834492999922,0.0,0.0007107890733271927,0.003549545108255862,0.0,0.0,0.0,0.0026463919586364785,0.9936963124217517,0.0,0.00010775051135599965,0.0060809292929292985,0.0,0.0,0.0,0.0037340365474772025,9.46209125249894e-05,0.9900904132470686,0.0,0.0020886756329249476,0.005747745859023308,0.0,0.003710557986979006,0.00018862800158815133,0.00010001949478067615,0.0079733241740776,0.9801910488506262,brazil
19,0.9085293975653187,0.032817696850873664,0.0,0.0,0.05266194582609747,0.005000735590530939,0.0,0.0,0.0,0.97,0.0,0.0,0.0,0.030000000000000027,0.0,0.0,0.000713339559658703,0.0,0.9903584343499197,0.0,0.008893465697838922,3.476039258269414e-05,0.0,0.0,0.035538308346553756,0.0,0.0005000000000000001,0.9513272943529486,0.0011717171717171718,9.793939393939396e-05,0.0030725981056762917,0.008292142629164766,0.018788093811047436,9.218307013643585e-05,0.0,0.003231893463595207,0.9725558400550418,0.004663011648812417,0.0,0.0006689779513667696,0.003378356417011239,0.0,0.0,0.0,0.0028117914560512585,0.9936953672086217,0.0,0.00011448491831574963,0.005842237373737379,0.0,0.0,0.0,0.003967413831694528,9.428471955780122e-05,0.9900960640750103,0.0,0.0022192178599827568,0.005475687246060004,0.0,0.003942467861165194,0.00020041725168741078,0.00010002071320446842,0.007859199664109709,0.9802029894037905,brazil
20,0.9060899503632787,0.03470403195974858,0.0,0.0,0.053276903659680096,0.005000778860562171,0.0,0.0,0.0,0.97,0.0,0.0,0.0,0.030000000000000027,0.0,0.0,0.0007111830631680385,0.0,0.9900118716646208,0.0,0.009240140150652974,3.680512155814674e-05,0.0,0.0,0.03536997354340986,0.0,0.0005000000000000001,0.9514053704913573,0.0011818181818181819,9.781818181818184e-05,0.0032533391707160733,0.00819168043088034,0.019259783958897367,8.64216282529086e-05,0.0,0.0030299001221205067,0.972353538656698,0.004643188804624911,0.0,0.0006271668294063465,0.0032071677257666156,0.0,0.0,0.0,0.002977190953466038,0.9936944219954919,0.0,0.0001212193252754996,0.00560354545454546,0.0,0.0,0.0,0.004200791115911853,9.394852659061306e-05,0.9901017149029521,0.0,0.002349760087040566,0.0052036286330967,0.0,0.004174377735351382,0.00021220650178667026,0.00010002193162826067,0.007745075154141819,0.9802149299569546,brazil
21,0.9036505031612386,0.03659036706862351,0.0,0.0,0.05389186149326272,0.005000822130593403,0.0,0.0,0.0,0.97,0.0,0.0,0.0,0.030000000000000027,0.0,0.0,0.0007090265666773739,0.0,0.989665308979322,0.0,0.009586814603467029,3.8849850533599334e-05,0.0,0.0,0.03520163874026596,0.0,0.0005000000000000001,0.9514834466297661,0.001191919191919192,9.769696969696972e-05,0.0034340802357558553,0.008091218232595914,0.0197314741067473,8.066018636938136e-05,0.0,0.002827906780645806,0.9721512372583543,0.004623365960437407,0.0,0.0005853557074459234,0.0030359790345219923,0.0,0.0,0.0,0.003142590450880818,0.993693476782362,0.0,0.00012795373223524958,0.00536485353535354,0.0,0.0,0.0,0.004434168400129178,9.36123336234249e-05,0.9901073657308939,0.0,0.002480302314098375,0.0049315700201333955,0.0,0.00440628760953757,0.0002239957518859297,0.00010002315005205294,0.007630950644173929,0.9802268705101187,brazil
22,0.9012110559591985,0.03847670217749843,0.0,0.0,0.05450681932684534,0.005000865400624634,0.0,0.0,0.0,0.97,0.0,0.0,0.0,0.030000000000000027,0.0,0.0,0.0007068700701867094,0.0,0.9893187462940232,0.0,0.009933489056281084,4.089457950905193e-05,0.0,0.0,0.03503330393712206,0.0,0.0005000000000000001,0.9515615227681749,0.001202020202020202,9.757575757575759e-05,0.003614821300795637,0.00799075603431149,0.02020316425459723,7.489874448585412e-05,0.0,0.0026259134391711054,0.9719489358600105,0.004603543116249902,0.0,0.0005435445854855003,0.002864790343277369,0.0,0.0,0.0,0.003307989948295598,0.9936925315692321,0.0,0.00013468813919499957,0.005126161616161621,0.0,0.0,0.0,0.0046675456843465035,9.327614065623673e-05,0.9901130165588357,0.0,0.0026108445411561843,0.004659511407170092,0.0,0.004638197483723757,0.00023578500198518916,0.00010002436847584519,0.007516826134206038,0.9802388110632828,brazil
23,0.8987716087571584,0.040363037286373346,0.0,0.0,0.055121777160427966,0.005000908670655866,0.0,0.0,0.0,0.97,0.0,0.0,0.0,0.030000000000000027,0.0,0.0,0.0007047135736960448,0.0,0.9889721836087243,0.0,0.010280163509095136,4.293930848450453e-05,0.0,0.0,0.034864969133978164,0.0,0.0005000000000000001,0.9516395989065836,0.0012121212121212123,9.745454545454547e-05,0.003795562365835419,0.007890293836027063,0.020674854402447162,6.913730260232689e-05,0.0,0.002423920097696405,0.9717466344616668,0.004583720272062397,0.0,0.0005017334635250772,0.0026936016520327454,0.0,0.0,0.0,0.003473389445710378,0.9936915863561021,0.0,0.00014142254615474953,0.004887469696969702,0.0,0.0,0.0,0.004900922968563828,9.293994768904857e-05,0.9901186673867775,0.0,0.002741386768213994,0.004387452794206788,0.0,0.004870107357909946,0.0002475742520844486,0.00010002558689963746,0.007402701624238148,0.980250751616447,brazil
24,0.8963321615551184,0.04224937239524827,0.0,0.0,0.05573673499401059,0.005000951940687098,0.0,0.0,0.0,0.97,0.0,0.0,0.0,0.030000000000000027,0.0,0.0,0.0007025570772053804,0.0,0.9886256209234254,0.0,0.010626837961909191,4.498403745995713e-05,0.0,0.0,0.03469663433083427,0.0,0.0005000000000000001,0.9517176750449924,0.0012222222222222224,9.733333333333336e-05,0.003976303430875201,0.007789831637742638,0.021146544550297096,6.337586071879963e-05,0.0,0.002221926756221705,0.971544333063323,0.004563897427874892,0.0,0.00045992234156465414,0.002522412960788122,0.0,0.0,0.0,0.003638788943125158,0.9936906411429722,0.0,0.00014815695311449952,0.004648777777777782,0.0,0.0,0.0,0.005134300252781153,9.260375472186041e-05,0.9901243182147192,0.0,0.002871928995271803,0.004115394181243483,0.0,0.0051020172320961335,0.00025936350218370806,0.00010002680532342971,0.007288577114270257,0.9802626921696111,brazil
25,0.8938927143530783,0.04413570750412319,0.0,0.0,0.05635169282759321,0.005000995210718329,0.0,0.0,0.0,0.97,0.0,0.0,0.0,0.030000000000000027,0.0,0.0,0.0007004005807147158,0.0,0.9882790582381267,0.0,0.010973512414723247,4.7028766435409724e-05,0.0,0.0,0.03452829952769036,0.0,0.0005000000000000001,0.9517957511834011,0.0012323232323232325,9.721212121212124e-05,0.004157044495914982,0.007689369439458213,0.021618234698147026,5.7614418835272394e-05,0.0,0.0020199334147470048,0.9713420316649792,0.004544074583687387,0.0,0.00041811121960423105,0.0023512242695434993,0.0,0.0,0.0,0.003804188440539938,0.9936896959298424,0.0,0.0001548913600742495,0.004410085858585862,0.0,0.0,0.0,0.005367677536998478,9.226756175467224e-05,0.990129969042661,0.0,0.0030024712223296122,0.0038433355682801797,0.0,0.005333927106282321,0.00027115275228296756,0.00010002802374722197,0.007174452604302367,0.9802746327227753,brazil
26,0.8914532671510382,0.04602204261299811,0.0,0.0,0.05696665066117583,0.005001038480749561,0.0,0.0,0.0,0.97,0.0,0.0,0.0,0.030000000000000027,0.0,0.0,0.0006982440842240512,0.0,0.9879324955528278,0.0,0.011320186867537298,4.907349541086232e-05,0.0,0.0,0.034359964724546464,0.0,0.0005000000000000001,0.9518738273218098,0.0012424242424242426,9.709090909090911e-05,0.004337785560954765,0.0075889072411737864,0.022089924845996957,5.185297695174516e-05,0.0,0.0018179400732723037,0.9711397302666355,0.004524251739499882,0.0,0.00037630009764380795,0.0021800355782988752,0.0,0.0,0.0,0.0039695879379547175,0.9936887507167124,0.0,0.00016162576703399948,0.0041713939393939435,0.0,0.0,0.0,0.005601054821215804,9.193136878748408e-05,0.9901356198706028,0.0,0.0031330134493874214,0.003571276955316876,0.0,0.0055658369804685096,0.000282942002382227,0.00010002924217101423,0.007060328094334477,0.9802865732759395,brazil
27,0.8890138199489982,0.047908377721873036,0.0,0.0,0.057581608494758456,0.005001081750780793,0.0,0.0,0.0,0.97,0.0,0.0,0.0,0.030000000000000027,0.0,0.0,0.0006960875877333868,0.0,0.9875859328675289,0.0,0.011666861320351354,5.1118224386314916e-05,0.0,0.0,0.034191629921402567,0.0,0.0005000000000000001,0.9519519034602186,0.0012525252525252527,9.696969696969699e-05,0.004518526625994546,0.007488445042889361,0.022561614993846887,4.6091535068217926e-05,0.0,0.0016159467317976035,0.9709374288682917,0.004504428895312377,0.0,0.00033448897568338475,0.002008846887054252,0.0,0.0,0.0,0.004134987435369498,0.9936878055035825,0.0,0.00016836017399374944,0.003932702020202024,0.0,0.0,0.0,0.005834432105433129,9.159517582029592e-05,0.9901412706985446,0.0,0.0032635556764452306,0.003299218342353572,0.0,0.005797746854654697,0.00029473125248148646,0.00010003046059480649,0.006946203584366586,0.9802985138291036,brazil
28,0.886574372746958,0.049794712830747954,0.0,0.0,0.05819656632834108,0.005001125020812024,0.0,0.0,0.0,0.97,0.0,0.0,0.0,0.030000000000000027,0.0,0.0,0.0006939310912427222,0.0,0.9872393701822301,0.0,0.012013535773165409,5.316295336176751e-05,0.0,0.0,0.03402329511825867,0.0,0.0005000000000000001,0.9520299795986273,0.0012626262626262627,9.684848484848488e-05,0.004699267691034328,0.007387982844604936,0.023033305141696818,4.033009318469069e-05,0.0,0.0014139533903229033,0.970735127469948,0.004484606051124872,0.0,0.00029267785372296177,0.0018376581958096288,0.0,0.0,0.0,0.0043003869327842776,0.9936868602904526,0.0,0.00017509458095349943,0.003694010101010104,0.0,0.0,0.0,0.006067809389650454,9.125898285310775e-05,0.9901469215264864,0.0,0.0033940979035030397,0.0030271597293902684,0.0,0.006029656728840885,0.0003065205025807459,0.00010003167901859875,0.006832079074398696,0.9803104543822677,brazil
29,0.884134925544918,0.05168104793962287,0.0,0.0,0.0588115241619237,0.005001168290843256,0.0,0.0,0.0,0.97,0.0,0.0,0.0,0.030000000000000027,0.0,0.0,0.0006917745947520576,0.0,0.9868928074969313,0.0,0.01236021022597946,5.520768233722011e-05,0.0,0.0,0.03385496031511477,0.0,0.0005000000000000001,0.952108055737036,0.001272727272727273,9.672727272727276e-05,0.00488000875607411,0.00728752064632051,0.02350499528954675,3.456865130116343e-05,0.0,0.0012119600488482022,0.9705328260716042,0.004464783206937367,0.0,0.0002508667317625388,0.0016664695045650055,0.0,0.0,0.0,0.004465786430199057,0.9936859150773227,0.0,0.0001818289879132494,0.0034553181818181844,0.0,0.0,0.0,0.00630118667386778,9.092278988591959e-05,0.9901525723544282,0.0,0.003524640130560849,0.002755101116426964,0.0,0.006261566603027072,0.00031830975268000536,0.00010003289744239101,0.006717954564430806,0.9803223949354318,brazil
30,0.881695478342878,0.0535673830484978,0.0,0.0,0.059426481995506326,0.005001211560874488,0.0,0.0,0.0,0.97,0.0,0.0,0.0,0.030000000000000027,0.0,0.0,0.0006896180982613931,0.0,0.9865462448116324,0.0,0.012706884678793516,5.725241131267271e-05,0.0,0.0,0.03368662551197087,0.0,0.0005000000000000001,0.9521861318754448,0.0012828282828282831,9.660606060606063e-05,0.005060749821113892,0.0071870584480360844,0.02397668543739668,2.8807209417636197e-05,0.0,0.001009966707373502,0.9703305246732603,0.004444960362749863,0.0,0.00020905560980211558,0.0014952808133203823,0.0,0.0,0.0,0.004631185927613838,0.9936849698641927,0.0,0.0001885633948729994,0.0032166262626262656,0.0,0.0,0.0,0.0065345639580851045,9.058659691873143e-05,0.9901582231823699,0.0,0.0036551823576186585,0.00248304250346366,0.0,0.006493476477213261,0.0003300990027792648,0.00010003411586618326,0.006603830054462915,0.980334335488596,brazil
31,0.8792560311408378,0.05545371815737272,0.0,0.0,0.06004143982908895,0.005001254830905719,0.0,0.0,0.0,0.97,0.0,0.0,0.0,0.030000000000000027,0.0,0.0,0.0006874616017707286,0.0,0.9861996821263336,0.0,0.013053559131607571,5.9297140288125306e-05,0.0,0.0,0.033518290708826975,0.0,0.0005000000000000001,0.9522642080138536,0.0012929292929292932,9.648484848484851e-05,0.005241490886153674,0.007086596249751659,0.02444837558524661,2.3045767534108963e-05,0.0,0.0008079733658988017,0.9701282232749165,0.004425137518562357,0.0,0.00016724448784169238,0.001324092122075759,0.0,0.0,0.0,0.004796585425028617,0.9936840246510629,0.0,0.00019529780183274935,0.002977934343434346,0.0,0.0,0.0,0.006767941242302429,9.025040395154326e-05,0.9901638740103117,0.0,0.0037857245846764677,0.0022109838905003554,0.0,0.0067253863513994485,0.0003418882528785243,0.00010003533428997553,0.006489705544495026,0.9803462760417602,brazil
32,0.8768165839387978,0.05734005326624764,0.0,0.0,0.06065639766267157,0.005001298100936951,0.0,0.0,0.0,0.97,0.0,0.0,0.0,0.030000000000000027,0.0,0.0,0.0006853051052800641,0.0,0.9858531194410347,0.0,0.013400233584421623,6.13418692635779e-05,0.0,0.0,0.03334995590568307,0.0,0.0005000000000000001,0.9523422841522623,0.0013030303030303033,9.636363636363639e-05,0.005422231951193455,0.006986134051467233,0.02492006573309654,1.7284325650581702e-05,0.0,0.0006059800244241015,0.9699259218765728,0.004405314674374852,0.0,0.0001254333658812694,0.0011529034308311358,0.0,0.0,0.0,0.004961984922443397,0.993683079437933,0.0,0.00020203220879249934,0.002739242424242426,0.0,0.0,0.0,0.007001318526519754,8.99142109843551e-05,0.9901695248382535,0.0,0.003916266811734277,0.0019389252775370517,0.0,0.006957296225585636,0.00035367750297778377,0.00010003655271376778,0.006375581034527135,0.9803582165949243,brazil
33,0.8743771367367578,0.05922638837512256,0.0,0.0,0.0612713554962542,0.005001341370968183,0.0,0.0,0.0,0.97,0.0,0.0,0.0,0.030000000000000027,0.0,0.0,0.0006831486087893995,0.0,0.985506556755736,0.0,0.013746908037235678,6.338659823903049e-05,0.0,0.0,0.03318162110253917,0.0,0.0005000000000000001,0.952420360290671,0.0013131313131313133,9.624242424242428e-05,0.005602973016233238,0.006885671853182808,0.025391755880946474,1.1522883767054468e-05,0.0,0.00040398668294940043,0.969723620478229,0.004385491830187348,0.0,8.36222439208464e-05,0.0009817147395865125,0.0,0.0,0.0,0.005127384419858177,0.9936821342248031,0.0,0.0002087666157522493,0.0025005505050505073,0.0,0.0,0.0,0.00723469581073708,8.957801801716694e-05,0.9901751756661953,0.0,0.004046809038792086,0.001666866664573748,0.0,0.0071892060997718246,0.0003654667530770432,0.00010003777113756005,0.0062614565245592444,0.9803701571480884,brazil
34,0.8719376895347176,0.06111272348399748,0.0,0.0,0.06188631332983682,0.005001384640999414,0.0,0.0,0.0,0.97,0.0,0.0,0.0,0.030000000000000027,0.0,0.0,0.000680992112298735,0.0,0.9851599940704371,0.0,0.014093582490049734,6.543132721448309e-05,0.0,0.0,0.033013286299395275,0.0,0.0005000000000000001,0.9524984364290798,0.0013232323232323234,9.612121212121215e-05,0.005783714081273019,0.006785209654898382,0.025863446028796405,5.761441883527234e-06,0.0,0.00020199334147470022,0.9695213190798853,0.004365668985999842,0.0,4.18111219604232e-05,0.0008105260483418893,0.0,0.0,0.0,0.005292783917272957,0.9936811890116731,0.0,0.0002155010227119993,0.0022618585858585876,0.0,0.0,0.0,0.007468073094954405,8.924182504997877e-05,0.9901808264941371,0.0,0.004177351265849895,0.0013948080516104442,0.0,0.007421115973958012,0.00037725600317630267,0.0001000389895613523,0.006147332014591354,0.9803820977012526,brazil
35,0.8694982423326776,0.0629990585928724,0.0,0.0,0.06250127116341944,0.005001427911030646,0.0,0.0,0.0,0.97,0.0,0.0,0.0,0.030000000000000027,0.0,0.0,0.0006788356158080705,0.0,0.9848134313851382,0.0,0.014440256942863787,6.74760561899357e-05,0.0,0.0,0.03284495149625138,0.0,0.0005000000000000001,0.9525765125674885,0.0013333333333333335,9.600000000000003e-05,0.005964455146312801,0.006684747456613956,0.026335136176646335,0.0,0.0,0.0,0.9693190176815415,0.0043458461418123375,0.0,0.0,0.0006393373570972665,0.0,0.0,0.0,0.0054581834146877365,0.9936802437985433,0.0,0.0002222354296717493,0.0020231666666666675,0.0,0.0,0.0,0.00770145037917173,8.890563208279061e-05,0.9901864773220789,0.0,0.004307893492907704,0.0011227494386471413,0.0,0.0076530258481442,0.0003890452532755621,0.00010004020798514457,0.006033207504623463,0.9803940382544167,brazil
